original,modified,type of modification
"PUSH EAX\n PUSH ECX\n PUSH EAX\n MOV ECX,ESI\n MOV EDI,DWORD PTR DS:[EAX+4]\n CMP DWORD PTR DS:[EDI],4\n MOV ECX,EDI\n MOV EAX,DWORD PTR DS:[EDX+3C]\n PUSH EAX\n PUSH EAX\n PUSH EAX\n LEA EAX,DWORD PTR DS:[EDX+8]\n PUSH EAX\n LEA ECX,DWORD PTR DS:[ESI+4]\n POP EDI\n POP ESI\n MOV ESP,EBP\n POP EBP\n RETN\n MOV EDI,EDI\n","JMP sec1\n sec5:\n LEA EBX, [EBX]\n MOV ESI,ESI\n \n sec3:\n PUSH EBX\n LEA EBX,DWORD PTR DS:[EDX+8]\n SUB EAX, 0\n PUSH EBX\n MOV EBX, EBX\n LEA EDX,DWORD PTR DS:[ESI+4]\n JMP sec4\n sec1:\n PUSH EBX\n PUSH EDX\n PUSH EBX\n MOV EDX,EDI\n MOV ESI,DWORD PTR DS:[EAX+4]\n XCHG EAX, EAX\n JMP sec2\n sec4:\n SUB EAX, 0\n POP EDI\n POP ESI\n MOV ESP,ESP\n POP EBP\n RETN\n JMP sec5\n sec2:\n CMP DWORD PTR DS:[EDI],4\n ADD EAX, 0\n MOV EDX,ESI\n MOV EBX,DWORD PTR DS:[EDX+3C]\n PUSH EBX\n PUSH EBX\n JMP sec3\n",Transpose
"XOR EDX,EDX\n PUSH EDX\n PUSH EDX\n PUSH EDX\n MOV ESI,DWORD PTR DS:[ECX+8]\n LEA ECX,DWORD PTR SS:[EBP-34]\n PUSH ECX\n PUSH\n PUSH EDX\n PUSH EAX\n MOV ECX,ESI\n MOV ESI,EAX\n TEST ESI,ESI\n CMP EAX,EBX\n CMP BYTE PTR DS:[EAX+9],2\n MOV EDI,DWORD PTR SS:[EBP-]\n PUSH ESI\n PUSH DWORD PTR DS:[EDI+4]\n PUSH DWORD PTR DS:[EAX+4]\n PUSH DWORD PTR DS:[EAX+]\n","JMP sec1\n sec4:\n CMP EAX,EAX\n CMP BYTE PTR DS:[EAX+9],2\n MOV ESI,DWORD PTR SS:[EBP-]\n PUSH EDI\n PUSH DWORD PTR DS:[EDI+4]\n PUSH DWORD PTR DS:[EAX+4]\n PUSH DWORD PTR DS:[EAX+]\n JMP sec5\n sec2:\n ADD EAX, 0\n LEA EDX,DWORD PTR SS:[EBP-34]\n PUSH EDX\n PUSHFD\n POPFD\n PUSH\n MOV EBX, EBX\n PUSH ECX\n JMP sec3\n sec1:\n XOR EDX,EDX\n PUSH ECX\n NOP\n PUSH ECX\n PUSH ECX\n PUSHFD\n POPFD\n MOV EDI,DWORD PTR DS:[ECX+8]\n JMP sec2\n sec3:\n ADD EAX, 0\n PUSH EBX\n MOV EDX,EDI\n PUSHFD\n POPFD\n MOV EDI,EBX\n NOP\n TEST ESI,ESI\n JMP sec4\n sec5:\n PUSH ESP\n POP ESP\n",Transpose
"PUSH EAX\n PUSH DWORD PTR SS:[EBP-C]\n MOV ECX,ESI\n PUSH DWORD PTR SS:[EBP+8]\n MOV ECX,DWORD PTR SS:[EBP-8]\n MOVS DWORD PTR ES:[EDI],DWORD PTR DS:[E\n LEA EAX,DWORD PTR SS:[EBP-48]\n PUSH EAX\n PUSH DWORD PTR SS:[EBP+8]\n MOVS DWORD PTR ES:[EDI],DWORD PTR DS:[E\n MOVS DWORD PTR ES:[EDI],DWORD PTR DS:[E\n MOVS DWORD PTR ES:[EDI],DWORD PTR DS:[E\n TEST EAX,EAX\n MOV EDX,DWORD PTR SS:[EBP-C]\n XOR ECX,ECX\n MOV DWORD PTR SS:[EBP-4],ECX\n MOVZX EAX,BYTE PTR DS:[EDX]\n SUB EAX,1\n SUB EAX,1\n MOV EAX,DWORD PTR DS:[EDX+4]\n","JMP sec1\n sec2:\n MOVS DWORD PTR ES:[EDI],DWORD PTR DS:[E\n XCHG EAX, EAX\n LEA EBX,DWORD PTR SS:[EBP-48]\n PUSH EBX\n PUSHAD\n POPAD\n PUSH DWORD PTR SS:[EBP+8]\n MOVS DWORD PTR ES:[EDI],DWORD PTR DS:[E\n JMP sec3\n sec1:\n PUSH EBX\n PUSHFD\n POPFD\n PUSH DWORD PTR SS:[EBP-C]\n MOV EDX,EDI\n PUSH DWORD PTR SS:[EBP+8]\n XCHG EAX, EAX\n MOV EDX,DWORD PTR SS:[EBP-8]\n JMP sec2\n sec4:\n MOVZX EBX,BYTE PTR DS:[EDX]\n SUB EAX,1\n PUSH ESP\n POP ESP\n SUB EAX,1\n MOV EBX,DWORD PTR DS:[EDX+4]\n SUB EAX, 0\n \n JMP sec5\n sec5:\n PUSHAD\n POPAD\n sec3:\n PUSHFD\n POPFD\n MOVS DWORD PTR ES:[EDI],DWORD PTR DS:[E\n MOVS DWORD PTR ES:[EDI],DWORD PTR DS:[E\n TEST EAX,EAX\n MOV ECX,DWORD PTR SS:[EBP-C]\n XOR ECX,ECX\n MOV DWORD PTR SS:[EBP-4],ECX\n JMP sec4\n",Transpose
"MOV DWORD PTR SS:[EBP-24],EDI\n LEA ECX,DWORD PTR SS:[EBP-24]\n PUSH EAX\n MOV BYTE PTR SS:[EBP-1C],1\n MOV EAX,DWORD PTR SS:[EBP-24]\n MOV ECX,EBX\n MOV EAX,DWORD PTR DS:[EAX]\n MOV DWORD PTR SS:[EBP-18],EAX\n LEA EAX,DWORD PTR SS:[EBP-24]\n PUSH EAX\n LEA EAX,DWORD PTR SS:[EBP-18]\n PUSH EAX\n AND DWORD PTR SS:[EBP-20],0\n LEA ECX,DWORD PTR SS:[EBP-24]\n SHL EAX,4\n PUSH EAX\n MOV DWORD PTR SS:[EBP-24],ESI\n MOV BYTE PTR SS:[EBP-1C],1\n MOV EAX,DWORD PTR SS:[EBP-24]\n MOV EBX,DWORD PTR SS:[EBP-4]\n","JMP sec1\n sec4:\n PUSH EBX\n MOV DWORD PTR SS:[EBP-24],ESI\n MOV BYTE PTR SS:[EBP-1C],1\n MOV EBX,DWORD PTR SS:[EBP-24]\n SUB EAX, 0\n MOV EAX,DWORD PTR SS:[EBP-4]\n JMP sec5\n sec5:\n PUSH ESP\n POP ESP\n \n sec2:\n MOV EBX,DWORD PTR SS:[EBP-24]\n PUSHFD\n POPFD\n MOV EDX,EAX\n MOV EBX,DWORD PTR DS:[EBX]\n MOV DWORD PTR SS:[EBP-18],EAX\n LEA EBX,DWORD PTR SS:[EBP-24]\n JMP sec3\n sec1:\n MOV DWORD PTR SS:[EBP-24],EDI\n XCHG EAX, EAX\n LEA EDX,DWORD PTR SS:[EBP-24]\n PUSH ESP\n POP ESP\n PUSH EBX\n MOV BYTE PTR SS:[EBP-1C],1\n JMP sec2\n sec3:\n PUSH EBX\n LEA EBX,DWORD PTR SS:[EBP-18]\n PUSH EBX\n AND DWORD PTR SS:[EBP-20],0\n LEA EDX,DWORD PTR SS:[EBP-24]\n SHL EAX,4\n JMP sec4\n",Transpose
"MOV EBX,EAX\n LEA ECX,DWORD PTR DS:[EDI+10]\n MOV EDX,EBX\n TEST AL,AL\n MOV EDI,DWORD PTR DS:[EDI+8]\n MOV ESI,EDI\n MOV EDI,DWORD PTR DS:[EDI]\n CMP BYTE PTR DS:[EDI+D],0\n MOV EBX,DWORD PTR SS:[EBP-14C]\n MOV EAX,DWORD PTR SS:[EBP-148]\n CMP ESI,DWORD PTR DS:[EBX]\n LEA EDX,DWORD PTR DS:[ESI+10]\n MOV ECX,EAX\n TEST AL,AL\n PUSH 90\n LEA EAX,DWORD PTR SS:[EBP-144]\n PUSH 0\n PUSH EAX\n LEA ECX,DWORD PTR SS:[EBP-144]\n MOV EDI,EAX\n","JMP sec1\n sec3:\n MOV EBX,DWORD PTR SS:[EBP-148]\n LEA EBX, [EBX]\n CMP EDI,DWORD PTR DS:[EBX]\n LEA ECX,DWORD PTR DS:[ESI+10]\n MOV EDX,EBX\n TEST AL,AL\n PUSH 90\n JMP sec4\n sec2:\n MOV ESI,DWORD PTR DS:[ESI+8]\n NOP\n MOV ESI,ESI\n MOV ESI,DWORD PTR DS:[ESI]\n CMP BYTE PTR DS:[EDI+D],0\n SUB EAX, 0\n MOV EAX,DWORD PTR SS:[EBP-14C]\n JMP sec3\n sec4:\n MOV EBX, EBX\n LEA EBX,DWORD PTR SS:[EBP-144]\n PUSH 0\n PUSH EBX\n LEA EDX,DWORD PTR SS:[EBP-144]\n MOV ESI,EBX\n \n sec1:\n MOV EBX,EBX\n PUSHFD\n POPFD\n LEA EDX,DWORD PTR DS:[EDI+10]\n MOV EBX, EBX\n MOV ECX,EAX\n PUSH ESP\n POP ESP\n TEST AL,AL\n JMP sec2\n",Transpose
"MOV EAX,DWORD PTR DS:[EDI+14]\n MOV ECX,DWORD PTR DS:[EAX+88]\n TEST ECX,ECX\n MOV EAX,DWORD PTR DS:[ESI+4]\n MOV ECX,DWORD PTR DS:[EAX+14]\n TEST ECX,ECX\n XOR AL,AL\n POP EDI\n POP ESI\n POP EBX\n POP ECX\n POP EBP\n RETN 18\n MOV EAX,DWORD PTR DS:[EDI+20]\n MOV ECX,DWORD PTR DS:[ECX+EAX*4]\n TEST ECX,ECX\n PUSH ECX\n PUSH EBX\n PUSH ECX\n PUSH DWORD PTR SS:[EBP+10]\n","JMP sec1\n sec5:\n PUSH DWORD PTR SS:[EBP+10]\n \n sec2:\n TEST ECX,ECX\n XOR AL,AL\n POP EDI\n POP ESI\n SUB EAX, 0\n POP EBX\n JMP sec3\n sec3:\n PUSH ESP\n POP ESP\n POP ECX\n POP EBP\n PUSH ESP\n POP ESP\n RETN 18\n MOV EBX,DWORD PTR DS:[EDI+20]\n JMP sec4\n sec4:\n MOV EDX,DWORD PTR DS:[EDX+EAX*4]\n SUB EAX, 0\n TEST ECX,ECX\n PUSH EDX\n PUSH EAX\n PUSH EDX\n JMP sec5\n sec1:\n MOV EBX,DWORD PTR DS:[EDI+14]\n MOV EDX,DWORD PTR DS:[EAX+88]\n TEST ECX,ECX\n XCHG EAX, EAX\n MOV EBX,DWORD PTR DS:[ESI+4]\n MOV EDX,DWORD PTR DS:[EAX+14]\n JMP sec2\n",Transpose
"MOV EAX,DWORD PTR DS:[EBX+4]\n MOV ECX,DWORD PTR SS:[EBP-18]\n MOV ESI,DWORD PTR DS:[EAX+44]\n MOV EAX,DWORD PTR DS:[ECX+4]\n MOV EDX,DWORD PTR DS:[ECX]\n CMP DWORD PTR DS:[EAX+4],7\n PUSH DWORD PTR DS:[ECX+4]\n MOV ECX,ESI\n PUSH DWORD PTR DS:[EBX+54]\n MOV ESI,EAX\n LEA ECX,DWORD PTR DS:[EDI+58]\n PUSH ESI\n MOV EAX,DWORD PTR DS:[EBX+4]\n MOV ESI,DWORD PTR DS:[ESI+4]\n MOV ECX,DWORD PTR DS:[EAX+54]\n PUSH DWORD PTR DS:[ESI+8]\n AND DWORD PTR DS:[ESI+8],0\n LEA ECX,DWORD PTR SS:[EBP-44]\n LEA ECX,DWORD PTR SS:[EBP-2C]\n MOV ECX,DWORD PTR DS:[EBX+4]\n","JMP sec1\n sec3:\n LEA EDX,DWORD PTR DS:[EDI+58]\n PUSH EDI\n MOV EBX,DWORD PTR DS:[EBX+4]\n MOV EBX, EBX\n MOV EDI,DWORD PTR DS:[EDI+4]\n MOV EDX,DWORD PTR DS:[EAX+54]\n PUSH DWORD PTR DS:[ESI+8]\n JMP sec4\n sec4:\n AND DWORD PTR DS:[ESI+8],0\n LEA EDX,DWORD PTR SS:[EBP-44]\n LEA EDX,DWORD PTR SS:[EBP-2C]\n MOV EBX, EBX\n MOV EDX,DWORD PTR DS:[EBX+4]\n PUSHFD\n POPFD\n \n sec1:\n MOV EBX,DWORD PTR DS:[EBX+4]\n MOV EDX,DWORD PTR SS:[EBP-18]\n ADD EAX, 0\n MOV EDI,DWORD PTR DS:[EAX+44]\n MOV EBX,DWORD PTR DS:[ECX+4]\n MOV ECX,DWORD PTR DS:[ECX]\n CMP DWORD PTR DS:[EAX+4],7\n JMP sec2\n sec2:\n PUSH DWORD PTR DS:[ECX+4]\n MOV EBX, EBX\n MOV EDX,EDI\n LEA EBX, [EBX]\n PUSH DWORD PTR DS:[EBX+54]\n PUSHFD\n POPFD\n MOV EDI,EBX\n JMP sec3\n",Transpose
"LEA EAX,DWORD PTR DS:[EDI+ECX]\n MOV BYTE PTR DS:[ECX],DL\n CMP EAX,2\n CMP BYTE PTR DS:[ECX+1],0\n OR DL,1\n MOV BYTE PTR DS:[ECX],DL\n INC ECX\n LEA EAX,DWORD PTR DS:[EDI+ECX]\n CMP EAX,3\n MOV EAX,DWORD PTR SS:[EBP-C]\n MOV EDI,DWORD PTR SS:[EBP-18]\n MOV DH,BYTE PTR DS:[EAX]\n AND BL,7\n CMP DWORD PTR SS:[EBP-8],0\n TEST BL,BL\n MOVZX ECX,BL\n SUB EAX,ECX\n MOV DL,BYTE PTR DS:[ECX+755222DC]\n MOV AL,BYTE PTR DS:[EAX]\n AND DL,BYTE PTR SS:[EBP-1]\n","JMP sec1\n sec2:\n SUB EAX, 0\n MOV BYTE PTR DS:[ECX],DL\n INC ECX\n LEA EBX,DWORD PTR DS:[EDI+ECX]\n CMP EBX,3\n MOV EBX,DWORD PTR SS:[EBP-C]\n JMP sec3\n sec3:\n PUSHAD\n POPAD\n MOV ESI,DWORD PTR SS:[EBP-18]\n MOV DH,BYTE PTR DS:[EAX]\n AND BL,7\n CMP DWORD PTR SS:[EBP-8],0\n TEST BL,BL\n JMP sec4\n sec1:\n LEA EBX,DWORD PTR DS:[EDI+ECX]\n MOV BYTE PTR DS:[ECX],DL\n CMP EBX,2\n CMP BYTE PTR DS:[ECX+1],0\n PUSHAD\n POPAD\n OR DL,1\n JMP sec2\n sec4:\n MOVZX EDX,BL\n SUB EAX,ECX\n MOV DL,BYTE PTR DS:[ECX+755222DC]\n NOP\n MOV AL,BYTE PTR DS:[EAX]\n AND DL,BYTE PTR SS:[EBP-1]\n",Transpose
"TEST EDX,EDX\n MOV EAX,DWORD PTR SS:[EBP+8]\n MOV EBX,DWORD PTR DS:[ESI+10]\n MOV EDI,DWORD PTR DS:[EAX]\n MOV EAX,EDI\n AND EAX,7FFFFFFF\n MOV ECX,EAX\n SHR ECX,0F\n XOR ECX,EAX\n MOV EAX,ECX\n SHR EAX,7\n XOR EAX,ECX\n MOV ECX,DWORD PTR DS:[ESI+4]\n DEC EBX\n MOV DWORD PTR SS:[EBP-4],EAX\n AND EBX,EAX\n MOV EAX,DWORD PTR DS:[EDX+EBX*4]\n TEST EAX,EAX\n LEA EAX,DWORD PTR DS:[ECX+EAX*8]\n CMP DWORD PTR DS:[EAX],EDI\n","JMP sec1\n sec4:\n MOV DWORD PTR SS:[EBP-4],EAX\n LEA EBX, [EBX]\n AND EBX,EAX\n MOV EBX,DWORD PTR DS:[EDX+EBX*4]\n NOP\n TEST EAX,EAX\n JMP sec5\n sec3:\n MOV EBX,EDX\n SHR EBX,7\n XOR EAX,ECX\n NOP\n MOV EDX,DWORD PTR DS:[ESI+4]\n DEC EBX\n JMP sec4\n sec2:\n PUSH ESP\n POP ESP\n MOV EBX,ESI\n AND EAX,7FFFFFFF\n MOV EDX,EBX\n SHR EDX,0F\n XOR ECX,EAX\n JMP sec3\n sec5:\n LEA EBX,DWORD PTR DS:[ECX+EBX*8]\n CMP DWORD PTR DS:[EAX],EDI\n \n sec1:\n TEST EDX,EDX\n MOV EBX,DWORD PTR SS:[EBP+8]\n PUSH ESP\n POP ESP\n MOV EAX,DWORD PTR DS:[ESI+10]\n PUSHAD\n POPAD\n MOV ESI,DWORD PTR DS:[EAX]\n JMP sec2\n",Transpose
"CMP DWORD PTR SS:[EBP+C],EDI\n MOV EBX,DWORD PTR SS:[EBP+10]\n TEST EBX,EBX\n CMP DWORD PTR SS:[EBP+14],EDI\n MOV ESI,DWORD PTR SS:[EBP+8]\n LEA ECX,DWORD PTR SS:[EBP-8]\n PUSH DWORD PTR DS:[ESI+34]\n MOV EAX,DWORD PTR DS:[ESI-10]\n MOV EAX,DWORD PTR DS:[EAX+28]\n PUSH EAX\n MOV ECX,DWORD PTR DS:[EAX]\n MOV ESI,DWORD PTR DS:[ECX+C]\n MOV ECX,ESI\n MOV EAX,DWORD PTR SS:[EBP+8]\n MOV EDX,DWORD PTR DS:[EAX-10]\n MOV ECX,EDX\n TEST EAX,EAX\n MOV ECX,DWORD PTR DS:[EDX+36C]\n MOV DWORD PTR SS:[EBP-4],ECX\n TEST ECX,ECX\n","JMP sec1\n sec4:\n PUSHAD\n POPAD\n TEST EAX,EAX\n PUSHFD\n POPFD\n MOV EDX,DWORD PTR DS:[EDX+36C]\n MOV DWORD PTR SS:[EBP-4],ECX\n TEST ECX,ECX\n JMP sec5\n sec2:\n PUSH DWORD PTR DS:[ESI+34]\n MOV EBX,DWORD PTR DS:[ESI-10]\n MOV EBX,DWORD PTR DS:[EBX+28]\n PUSH EBX\n PUSH ESP\n POP ESP\n MOV EDX,DWORD PTR DS:[EAX]\n JMP sec3\n sec1:\n CMP DWORD PTR SS:[EBP+C],EDI\n MOV EAX,DWORD PTR SS:[EBP+10]\n TEST EBX,EBX\n CMP DWORD PTR SS:[EBP+14],EDI\n MOV EDI,DWORD PTR SS:[EBP+8]\n LEA EDX,DWORD PTR SS:[EBP-8]\n JMP sec2\n sec5:\n \n LEA EBX, [EBX]\n sec3:\n SUB EAX, 0\n MOV EDI,DWORD PTR DS:[ECX+C]\n MOV EDX,EDI\n MOV EBX,DWORD PTR SS:[EBP+8]\n MOV ECX,DWORD PTR DS:[EAX-10]\n MOV ECX,ECX\n JMP sec4\n",Transpose
"PUSH EDI\n MOV ECX,DWORD PTR DS:[EDI]\n MOV ECX,ESI\n PUSH EDI\n TEST ECX,ECX\n MOV EAX,DWORD PTR DS:[ECX]\n PUSH ECX\n MOV ESI,DWORD PTR DS:[EAX+8]\n MOV ECX,ESI\n POP ESI\n PUSH EBX\n PUSH EDI\n POP EDI\n POP EBX\n RETN\n MOV EDI,EDI\n PUSH EBP\n MOV EBP,ESP\n XOR EAX,EBP\n PUSH EBX\n","JMP sec1\n sec3:\n POP ESI\n PUSH EAX\n PUSH ESP\n POP ESP\n PUSH ESI\n XCHG EAX, EAX\n POP EDI\n JMP sec4\n sec1:\n PUSH ESI\n ADD EAX, 0\n MOV EDX,DWORD PTR DS:[EDI]\n MOV EDX,EDI\n PUSH ESI\n TEST ECX,ECX\n JMP sec2\n sec5:\n PUSH EAX\n \n LEA EBX, [EBX]\n sec2:\n NOP\n MOV EBX,DWORD PTR DS:[ECX]\n PUSH EDX\n MOV EDI,DWORD PTR DS:[EAX+8]\n PUSHFD\n POPFD\n MOV EDX,EDI\n JMP sec3\n sec4:\n POP EBX\n RETN\n MOV ESI,ESI\n PUSH ESP\n MOV EBP,EBP\n XOR EAX,EBP\n JMP sec5\n",Transpose
"XOR ECX,ECX\n INC ECX\n MOV DWORD PTR SS:[EBP-44],ECX\n MOV DWORD PTR SS:[EBP-4],EBX\n MOV DWORD PTR SS:[EBP-1C],EBX\n LEA EAX,DWORD PTR SS:[EBP-1C]\n PUSH EAX\n PUSH ECX\n LEA EAX,DWORD PTR SS:[EBP-20]\n PUSH EAX\n PUSH DWORD PTR SS:[EBP+C]\n LEA ECX,DWORD PTR SS:[EBP-64]\n MOV ESI,EAX\n TEST ESI,ESI\n CMP DWORD PTR SS:[EBP-20],EBX\n LEA EAX,DWORD PTR SS:[EBP-64]\n PUSH EAX\n MOV ESI,DWORD PTR SS:[EBP+8]\n MOV ECX,ESI\n MOV EDI,EAX\n","JMP sec1\n sec1:\n XOR ECX,ECX\n INC ECX\n MOV DWORD PTR SS:[EBP-44],ECX\n MOV DWORD PTR SS:[EBP-4],EBX\n MOV DWORD PTR SS:[EBP-1C],EBX\n MOV EBX, EBX\n JMP sec2\n sec2:\n LEA EBX,DWORD PTR SS:[EBP-1C]\n PUSH EBX\n XCHG EAX, EAX\n PUSH EDX\n LEA EBX,DWORD PTR SS:[EBP-20]\n PUSH EBX\n JMP sec3\n sec4:\n PUSHAD\n POPAD\n LEA EBX,DWORD PTR SS:[EBP-64]\n PUSH EBX\n MOV EDI,DWORD PTR SS:[EBP+8]\n PUSHAD\n POPAD\n MOV EDX,EDI\n JMP sec5\n sec5:\n MOV ESI,EBX\n \n LEA EBX, [EBX]\n sec3:\n LEA EBX, [EBX]\n PUSH DWORD PTR SS:[EBP+C]\n LEA EDX,DWORD PTR SS:[EBP-64]\n MOV EDI,EBX\n TEST ESI,ESI\n CMP DWORD PTR SS:[EBP-20],EBX\n JMP sec4\n",Transpose
"PUSH EDI\n MOV DWORD PTR SS:[EBP-F0],EDI\n MOV DWORD PTR SS:[EBP-EC],EDI\n LEA EAX,DWORD PTR SS:[EBP-30]\n MOV DWORD PTR SS:[EBP-D8],9\n PUSH EAX\n MOV DWORD PTR SS:[EBP-10],EDI\n MOV DWORD PTR SS:[EBP-C],EDI\n LEA EAX,DWORD PTR SS:[EBP-10]\n PUSH EAX\n LEA EAX,DWORD PTR SS:[EBP-30]\n PUSH EAX\n MOV EDI,DWORD PTR DS:[EBX+144]\n MOV EAX,DWORD PTR SS:[EBP-10]\n MOV ECX,DWORD PTR SS:[EBP-C]\n MOV DWORD PTR SS:[EBP-FC],ECX\n MOV DWORD PTR SS:[EBP-100],EAX\n MOV EAX,DWORD PTR DS:[EDI]\n MOV ESI,DWORD PTR DS:[EAX+18]\n MOV ECX,ESI\n","JMP sec1\n sec3:\n PUSHAD\n POPAD\n PUSH EBX\n MOV ESI,DWORD PTR DS:[EBX+144]\n XCHG EAX, EAX\n MOV EBX,DWORD PTR SS:[EBP-10]\n PUSHFD\n POPFD\n MOV EDX,DWORD PTR SS:[EBP-C]\n JMP sec4\n sec1:\n PUSH ESI\n XCHG EAX, EAX\n MOV DWORD PTR SS:[EBP-F0],EDI\n PUSHAD\n POPAD\n MOV DWORD PTR SS:[EBP-EC],EDI\n LEA EBX,DWORD PTR SS:[EBP-30]\n MOV DWORD PTR SS:[EBP-D8],9\n JMP sec2\n sec4:\n MOV DWORD PTR SS:[EBP-FC],ECX\n MOV DWORD PTR SS:[EBP-100],EAX\n MOV EBX,DWORD PTR DS:[EDI]\n MOV EDI,DWORD PTR DS:[EAX+18]\n SUB EAX, 0\n MOV EDX,EDI\n \n sec2:\n PUSH EBX\n MOV DWORD PTR SS:[EBP-10],EDI\n MOV DWORD PTR SS:[EBP-C],EDI\n PUSHFD\n POPFD\n LEA EBX,DWORD PTR SS:[EBP-10]\n PUSH EBX\n LEA EBX,DWORD PTR SS:[EBP-30]\n JMP sec3\n",Transpose
"MOV EDI,EDI\n PUSH EBP\n MOV EBP,ESP\n PUSH EBX\n MOV EBX,DWORD PTR SS:[EBP+8]\n PUSH ESI\n MOV ESI,ECX\n LEA EAX,DWORD PTR DS:[EBX+1]\n CMP EAX,DWORD PTR DS:[ESI+198]\n XOR EAX,EAX\n PUSH EDI\n XOR EDI,EDI\n PUSH EBX\n MOV ECX,ESI\n TEST EAX,EAX\n DEC DWORD PTR DS:[ESI+198]\n INC EDI\n CMP EDI,1\n NOT EAX\n SHR EAX,1F\n","JMP sec1\n sec1:\n MOV ESI,ESI\n PUSH ESP\n MOV EBX, EBX\n MOV EBP,EBP\n PUSH EAX\n MOV EAX,DWORD PTR SS:[EBP+8]\n JMP sec2\n sec4:\n PUSHFD\n POPFD\n INC EDI\n CMP ESI,1\n NOT EAX\n SHR EBX,1F\n LEA EBX, [EBX]\n JMP sec5\n sec2:\n PUSH EDI\n MOV EDI,EDX\n LEA EBX,DWORD PTR DS:[EBX+1]\n CMP EBX,DWORD PTR DS:[ESI+198]\n XOR EAX,EAX\n PUSH ESI\n JMP sec3\n sec3:\n LEA EBX, [EBX]\n XOR EDI,EDI\n PUSH EAX\n MOV EDX,EDI\n TEST EAX,EAX\n DEC DWORD PTR DS:[ESI+198]\n JMP sec4\n sec5:\n \n NOP\n",Transpose
"AND EDI,0FF00\n MOV EAX,EDX\n SHR EAX,10\n CMP EAX,DWORD PTR DS:[75580A28]\n A58>CMP DX,WORD PTR DS:[75580A48]\n PUSH ESI\n PUSH EDX\n MOV ESI,EAX\n TEST ESI,ESI\n CMP DWORD PTR DS:[ESI+10],EDI\n CMP DWORD PTR DS:[ESI+C],0\n PUSH 1\n PUSH ESI\n TEST EAX,EAX\n CMP DWORD PTR DS:[ESI+10],EDI\n MOV EAX,DWORD PTR SS:[EBP+C]\n XOR EBX,EBX\n MOV DWORD PTR DS:[EAX],ESI\n POP ESI\n POP EDI\n","JMP sec1\n sec3:\n PUSH 1\n SUB EAX, 0\n PUSH EDI\n TEST EAX,EAX\n PUSHFD\n POPFD\n CMP DWORD PTR DS:[ESI+10],EDI\n JMP sec4\n sec1:\n AND EDI,0FF00\n MOV EBX,ECX\n SHR EBX,10\n CMP EBX,DWORD PTR DS:[75580A28]\n PUSHFD\n POPFD\n A58>CMP DX,WORD PTR DS:[75580A48]\n JMP sec2\n sec5:\n MOV EBX, EBX\n \n LEA EBX, [EBX]\n sec2:\n PUSH EDI\n PUSH ECX\n MOV EDI,EBX\n TEST ESI,ESI\n CMP DWORD PTR DS:[ESI+10],EDI\n CMP DWORD PTR DS:[ESI+C],0\n JMP sec3\n sec4:\n MOV EBX,DWORD PTR SS:[EBP+C]\n XCHG EAX, EAX\n XOR EBX,EBX\n MOV DWORD PTR DS:[EAX],ESI\n POP ESI\n POP EDI\n JMP sec5\n",Transpose
"MOV ECX,DWORD PTR DS:[EAX]\n MOV ECX,DWORD PTR DS:[ECX+4]\n POP EDI\n POP ESI\n POP EBX\n MOV ESP,EBP\n POP EBP\n RETN 8\n MOV EAX,DWORD PTR DS:[EBX+C]\n MOV EAX,DWORD PTR DS:[EAX]\n MOV ECX,DWORD PTR DS:[EAX+4]\n MOV EAX,DWORD PTR DS:[ECX+54]\n CMP EAX,-1\n MOV EDX,DWORD PTR DS:[ECX+38]\n LEA EAX,DWORD PTR DS:[EDX+1]\n MOV DWORD PTR DS:[ECX+38],EAX\n TEST EAX,EAX\n MOV EAX,-2\n SUB EAX,EDX\n MOV DWORD PTR DS:[ECX+54],EAX\n","JMP sec1\n sec3:\n MOV EDX,DWORD PTR DS:[EAX+4]\n LEA EBX, [EBX]\n MOV EBX,DWORD PTR DS:[ECX+54]\n CMP EBX,-1\n MOV ECX,DWORD PTR DS:[ECX+38]\n SUB EAX, 0\n JMP sec4\n sec2:\n PUSHFD\n POPFD\n MOV ESP,ESP\n POP EBP\n RETN 8\n MOV EBX,DWORD PTR DS:[EBX+C]\n MOV EBX,DWORD PTR DS:[EBX]\n JMP sec3\n sec5:\n PUSHAD\n POPAD\n \n SUB EAX, 0\n sec1:\n MOV EDX,DWORD PTR DS:[EAX]\n MOV EDX,DWORD PTR DS:[EDX+4]\n POP EDI\n ADD EAX, 0\n POP ESI\n POP EBX\n JMP sec2\n sec4:\n LEA EBX,DWORD PTR DS:[EDX+1]\n MOV DWORD PTR DS:[ECX+38],EAX\n TEST EAX,EAX\n MOV EBX,-2\n SUB EAX,EDX\n MOV DWORD PTR DS:[ECX+54],EAX\n JMP sec5\n",Transpose
"MOV EDX,EDI\n MOV ECX,ESI\n PUSH EDI\n PUSH EDI\n PUSH ESI\n MOV ECX,EBX\n MOV ECX,EBX\n TEST EAX,EAX\n MOV EAX,ESI\n RETN 1C\n PUSH EAX\n MOV EDI,EDI\n PUSH EBP\n MOV EBP,ESP\n PUSH ECX\n PUSH EAX\n LEAVE\n MOV EDI,EDI\n PUSH EBP\n MOV EBP,ESP\n","JMP sec1\n sec5:\n MOV EBP,EBP\n \n sec3:\n MOV EBX,EDI\n RETN 1C\n PUSH EBX\n MOV ESI,ESI\n PUSH ESP\n MOV EBP,EBP\n JMP sec4\n sec1:\n MOV ECX,ESI\n MOV EDX,EDI\n PUSH ESI\n NOP\n PUSH ESI\n XCHG EAX, EAX\n JMP sec2\n sec2:\n PUSH EDI\n MOV EDX,EAX\n MOV EDX,EAX\n PUSHFD\n POPFD\n TEST EAX,EAX\n SUB EAX, 0\n JMP sec3\n sec4:\n LEA EBX, [EBX]\n PUSH EDX\n PUSH EBX\n LEAVE\n MOV ESI,ESI\n PUSH ESP\n JMP sec5\n",Transpose
"POP ECX\n POP ECX\n MOV EAX,ESI\n POP ESI\n POP EBP\n RETN 4\n MOV EDI,EDI\n PUSH EBP\n MOV EBP,ESP\n PUSH ESI\n MOV ESI,ECX\n PUSH ESI\n POP ECX\n POP ECX\n MOV EAX,ESI\n POP ESI\n POP EBP\n RETN 4\n MOV EDI,EDI\n PUSH EBP\n","JMP sec1\n sec3:\n PUSH EDI\n MOV EDI,EDX\n PUSH EDI\n PUSH ESP\n POP ESP\n POP ECX\n POP ECX\n JMP sec4\n sec5:\n PUSH ESP\n PUSH ESP\n POP ESP\n \n sec4:\n PUSH ESP\n POP ESP\n MOV EBX,EDI\n POP ESI\n POP EBP\n RETN 4\n MOV ESI,ESI\n JMP sec5\n sec2:\n RETN 4\n MOV ESI,ESI\n PUSHFD\n POPFD\n PUSH ESP\n MOV EBP,EBP\n PUSH ESP\n POP ESP\n JMP sec3\n sec1:\n POP ECX\n POP ECX\n MOV EBX,EDI\n POP ESI\n ADD EAX, 0\n POP EBP\n JMP sec2\n",Transpose
"MOV ECX,ESI\n MOV ESI,EAX\n TEST ESI,ESI\n CMP BYTE PTR DS:[EAX+9],3\n PUSH ESI\n PUSH DWORD PTR DS:[EAX+4]\n PUSH DWORD PTR DS:[EAX+]\n PUSH C\n MOV EAX,DWORD PTR SS:[EBP-8]\n PUSH DWORD PTR SS:[EBP+C]\n PUSH EDI\n MOV ECX,DWORD PTR DS:[EAX]\n PUSH EAX\n MOV ESI,DWORD PTR DS:[ECX]\n MOV ECX,ESI\n MOV ESI,EAX\n TEST ESI,ESI\n CMP BYTE PTR DS:[EAX+9],3\n PUSH ESI\n PUSH DWORD PTR DS:[EAX+4]\n","JMP sec1\n sec3:\n ADD EAX, 0\n PUSH ESI\n MOV EDX,DWORD PTR DS:[EAX]\n PUSH EBX\n MOV EDI,DWORD PTR DS:[ECX]\n XCHG EAX, EAX\n MOV EDX,EDI\n JMP sec4\n sec1:\n MOV EDX,EDI\n MOV EDI,EBX\n NOP\n TEST ESI,ESI\n CMP BYTE PTR DS:[EAX+9],3\n PUSH EDI\n MOV EBX, EBX\n JMP sec2\n sec5:\n NOP\n sec2:\n PUSH DWORD PTR DS:[EAX+4]\n PUSH ESP\n POP ESP\n PUSH DWORD PTR DS:[EAX+]\n PUSH C\n MOV EBX,DWORD PTR SS:[EBP-8]\n PUSHFD\n POPFD\n PUSH DWORD PTR SS:[EBP+C]\n JMP sec3\n sec4:\n MOV EDI,EBX\n XCHG EAX, EAX\n TEST ESI,ESI\n CMP BYTE PTR DS:[EAX+9],3\n PUSH EDI\n PUSH DWORD PTR DS:[EAX+4]\n \n JMP sec5\n",Transpose
"TEST EAX,EAX\n MOV EDX,EBX\n TEST EAX,EAX\n LEA EAX,DWORD PTR DS:[ESI+10]\n NEG ESI\n SBB ESI,ESI\n AND ESI,EAX\n MOV DWORD PTR DS:[EDI],ESI\n MOV EAX,DWORD PTR DS:[ESI]\n PUSH ESI\n MOV ESI,DWORD PTR DS:[EAX+4]\n MOV ECX,ESI\n XOR EAX,EAX\n MOV EAX,80004002\n POP EBX\n POP EDI\n POP ESI\n POP EBP\n RETN 0C\n MOV EDI,EDI\n","JMP sec1\n sec1:\n TEST EAX,EAX\n MOV ECX,EAX\n TEST EAX,EAX\n LEA EBX,DWORD PTR DS:[ESI+10]\n NEG ESI\n NOP\n JMP sec2\n sec3:\n PUSH EDI\n MOV EDI,DWORD PTR DS:[EAX+4]\n MOV EDX,EDI\n XOR EAX,EAX\n MOV EBX,80004002\n POP EBX\n JMP sec4\n sec4:\n POP EDI\n POP ESI\n POP EBP\n MOV EBX, EBX\n RETN 0C\n MOV ESI,ESI\n sec2:\n SBB ESI,ESI\n AND ESI,EAX\n SUB EAX, 0\n MOV DWORD PTR DS:[EDI],ESI\n MOV EBX,DWORD PTR DS:[ESI]\n MOV EBX, EBX\n JMP sec3\n",Transpose
"MOV ESI,DWORD PTR DS:[ECX+50]\n MOV ECX,ESI\n MOV DWORD PTR SS:[ESP+C],EAX\n TEST EAX,EAX\n PUSH 57\n PUSH EAX\n MOV EDI,EDI\n PUSH ESI\n MOV ESI,DWORD PTR DS:[ECX+30]\n CMP DWORD PTR DS:[ESI+14],EAX\n MOV EAX,DWORD PTR FS:[18]\n MOV EAX,DWORD PTR DS:[EAX+F80]\n TEST BYTE PTR DS:[EAX+C],80\n MOV EAX,DWORD PTR FS:[18]\n MOV EAX,DWORD PTR DS:[EAX+F80]\n CMP DWORD PTR DS:[EAX+BC],0\n XOR AL,AL\n POP ESI\n RETN\n TEST BYTE PTR DS:[ESI+48],1\n","JMP sec1\n sec1:\n MOV EDI,DWORD PTR DS:[ECX+50]\n MOV EDX,EDI\n MOV DWORD PTR SS:[ESP+C],EAX\n XCHG EAX, EAX\n TEST EAX,EAX\n PUSH 57\n JMP sec2\n sec5:\n PUSHAD\n POPAD\n \n sec3:\n CMP DWORD PTR DS:[ESI+14],EAX\n MOV EBX,DWORD PTR FS:[18]\n MOV EBX,DWORD PTR DS:[EBX+F80]\n TEST BYTE PTR DS:[EAX+C],80\n MOV EBX,DWORD PTR FS:[18]\n LEA EBX, [EBX]\n JMP sec4\n sec2:\n PUSH EBX\n MOV ESI,ESI\n XCHG EAX, EAX\n PUSH EDI\n LEA EBX, [EBX]\n MOV EDI,DWORD PTR DS:[ECX+30]\n JMP sec3\n sec4:\n MOV EBX,DWORD PTR DS:[EBX+F80]\n CMP DWORD PTR DS:[EAX+BC],0\n XOR AL,AL\n POP ESI\n RETN\n TEST BYTE PTR DS:[ESI+48],1\n JMP sec5\n",Transpose
"MOV DWORD PTR DS:[EBX+18],0\n MOV ECX,DWORD PTR DS:[EBX+1C]\n TEST ECX,ECX\n AND BYTE PTR DS:[ECX+3],0FD\n PUSH DWORD PTR DS:[EBX+8]\n MOV DWORD PTR DS:[EBX+1C],0\n MOV ECX,DWORD PTR DS:[EBX+20]\n TEST ECX,ECX\n AND BYTE PTR DS:[ECX+3],0FD\n PUSH DWORD PTR DS:[EBX+8]\n MOV DWORD PTR DS:[EBX+20],0\n TEST BYTE PTR DS:[EBX+12],50\n MOV ECX,EBX\n MOV EDI,EAX\n CMP DWORD PTR DS:[EDI+64],EBX\n MOV ECX,DWORD PTR DS:[EBX+8]\n MOV ESI,DWORD PTR DS:[ECX]\n MOV ECX,EDI\n PUSH ESI\n MOV EDX,EDI\n","JMP sec1\n sec3:\n TEST BYTE PTR DS:[EBX+12],50\n PUSHAD\n POPAD\n MOV EDX,EAX\n MOV ESI,EBX\n CMP DWORD PTR DS:[EDI+64],EBX\n LEA EBX, [EBX]\n JMP sec4\n sec4:\n MOV EDX,DWORD PTR DS:[EBX+8]\n MOV EDI,DWORD PTR DS:[ECX]\n MOV EDX,ESI\n PUSH ESP\n POP ESP\n PUSH EDI\n MOV ECX,ESI\n JMP sec5\n sec2:\n MOV EDX,DWORD PTR DS:[EBX+20]\n PUSHFD\n POPFD\n TEST ECX,ECX\n AND BYTE PTR DS:[ECX+3],0FD\n PUSH DWORD PTR DS:[EBX+8]\n MOV DWORD PTR DS:[EBX+20],0\n JMP sec3\n sec1:\n MOV DWORD PTR DS:[EBX+18],0\n MOV EDX,DWORD PTR DS:[EBX+1C]\n TEST ECX,ECX\n AND BYTE PTR DS:[ECX+3],0FD\n PUSH DWORD PTR DS:[EBX+8]\n MOV DWORD PTR DS:[EBX+1C],0\n JMP sec2\n sec5:\n ADD EAX, 0\n",Transpose
"PUSH DWORD PTR DS:[733EB814]\n PUSH DWORD PTR DS:[733EB7FC]\n LEA ECX,DWORD PTR SS:[EBP-820]\n LEA ECX,DWORD PTR SS:[EBP+8]\n MOV EAX,EDI\n RETN 14\n MOV ECX,80004003\n PUSH 828\n MOV ESI,ECX\n MOV DWORD PTR SS:[EBP-824],ESI\n XOR EBX,EBX\n LEA EAX,DWORD PTR SS:[EBP-81C]\n PUSH 800\n PUSH EBX\n PUSH EAX\n MOV DWORD PTR SS:[EBP-4],EBX\n MOV EDI,EBX\n CMP DWORD PTR DS:[ESI],EBX\n MOV BYTE PTR SS:[EBP-4],1\n MOV ECX,DWORD PTR SS:[EBP+8]\n","JMP sec1\n sec1:\n PUSH DWORD PTR DS:[733EB814]\n LEA EBX, [EBX]\n PUSH DWORD PTR DS:[733EB7FC]\n LEA EDX,DWORD PTR SS:[EBP-820]\n LEA EDX,DWORD PTR SS:[EBP+8]\n MOV EBX,ESI\n RETN 14\n JMP sec2\n sec3:\n MOV EBX, EBX\n XOR EBX,EBX\n LEA EBX,DWORD PTR SS:[EBP-81C]\n PUSHFD\n POPFD\n PUSH 800\n PUSH EAX\n XCHG EAX, EAX\n JMP sec4\n sec4:\n PUSH EBX\n MOV DWORD PTR SS:[EBP-4],EBX\n MOV ESI,EAX\n CMP DWORD PTR DS:[ESI],EBX\n MOV BYTE PTR SS:[EBP-4],1\n MOV EDX,DWORD PTR SS:[EBP+8]\n \n sec2:\n PUSHAD\n POPAD\n MOV EDX,80004003\n PUSHAD\n POPAD\n PUSH 828\n MOV EDI,EDX\n NOP\n MOV DWORD PTR SS:[EBP-824],ESI\n JMP sec3\n",Transpose
"MOV EAX,DWORD PTR DS:[EDX+44]\n MOV EAX,DWORD PTR DS:[EAX+6C]\n LEA EDX,DWORD PTR DS:[EAX+ECX*4]\n MOV ECX,DWORD PTR SS:[EBP-4]\n PUSH ESI\n PUSH EDX\n PUSH EAX\n MOV EDX,DWORD PTR SS:[EBP-4]\n MOV ECX,EAX\n MOVZX EAX,WORD PTR DS:[EDI+2]\n MOV DWORD PTR DS:[EDX+EAX*4+B0],ECX\n MOV EDX,ECX\n MOV EDI,EBX\n MOV DWORD PTR DS:[EDX+4],EBX\n MOVZX EAX,WORD PTR DS:[EDI+4]\n MOVZX ECX,WORD PTR DS:[EDI]\n MOV ESI,DWORD PTR DS:[EDX+EAX*4+B0]\n MOV EAX,DWORD PTR DS:[EDX+44]\n MOV EAX,DWORD PTR DS:[EAX+6C]\n LEA EDX,DWORD PTR DS:[EAX+ECX*4]\n","JMP sec1\n sec4:\n MOVZX EBX,WORD PTR DS:[EDI+4]\n MOVZX EDX,WORD PTR DS:[EDI]\n MOV EDI,DWORD PTR DS:[EDX+EAX*4+B0]\n MOV EBX,DWORD PTR DS:[EDX+44]\n MOV EBX,DWORD PTR DS:[EBX+6C]\n MOV EBX, EBX\n JMP sec5\n sec2:\n PUSH ECX\n XCHG EAX, EAX\n PUSH EBX\n MOV ECX,DWORD PTR SS:[EBP-4]\n MOV EDX,EBX\n PUSH ESP\n POP ESP\n JMP sec3\n sec3:\n MOVZX EBX,WORD PTR DS:[EDI+2]\n MOV DWORD PTR DS:[EDX+EAX*4+B0],ECX\n MOV EDX,EDX\n MOV ESI,EAX\n MOV EBX, EBX\n MOV DWORD PTR DS:[EDX+4],EBX\n JMP sec4\n sec5:\n LEA ECX,DWORD PTR DS:[EAX+ECX*4]\n \n sec1:\n MOV EBX,DWORD PTR DS:[EDX+44]\n MOV EBX,DWORD PTR DS:[EBX+6C]\n PUSH ESP\n POP ESP\n LEA ECX,DWORD PTR DS:[EAX+ECX*4]\n MOV EDX,DWORD PTR SS:[EBP-4]\n PUSH EDI\n JMP sec2\n",Transpose
"XOR EDI,EDI\n INC EDI\n LEA EAX,DWORD PTR SS:[EBP-4]\n PUSH EAX\n LEA ECX,DWORD PTR SS:[EBP+8]\n MOV ESI,EAX\n TEST ESI,ESI\n LEA EDX,DWORD PTR SS:[EBP-38]\n MOV ESI,EAX\n TEST ESI,ESI\n MOV EAX,DWORD PTR DS:[EBX+34]\n MOV DWORD PTR SS:[EBP-C],EAX\n MOV DWORD PTR SS:[EBP-8],EDI\n MOV EAX,DWORD PTR DS:[EBX+34]\n MOV ECX,DWORD PTR SS:[EBP-38]\n MOV EAX,DWORD PTR DS:[EBX+34]\n XOR ESI,ESI\n PUSH EBX\n POP ECX\n MOV EDI,ESP\n","JMP sec1\n sec5:\n LEA EBX, [EBX]\n sec2:\n ADD EAX, 0\n MOV EDI,EBX\n NOP\n TEST ESI,ESI\n LEA ECX,DWORD PTR SS:[EBP-38]\n MOV EDI,EBX\n TEST ESI,ESI\n JMP sec3\n sec3:\n MOV EBX,DWORD PTR DS:[EBX+34]\n PUSHFD\n POPFD\n MOV DWORD PTR SS:[EBP-C],EAX\n MOV DWORD PTR SS:[EBP-8],EDI\n MOV EBX,DWORD PTR DS:[EBX+34]\n MOV EDX,DWORD PTR SS:[EBP-38]\n XCHG EAX, EAX\n JMP sec4\n sec4:\n MOV EBX,DWORD PTR DS:[EBX+34]\n XOR ESI,ESI\n MOV EBX, EBX\n PUSH EAX\n POP ECX\n MOV ESI,EBP\n \n JMP sec5\n sec1:\n XOR EDI,EDI\n INC EDI\n PUSH ESP\n POP ESP\n LEA EBX,DWORD PTR SS:[EBP-4]\n PUSH EBX\n PUSH ESP\n POP ESP\n LEA EDX,DWORD PTR SS:[EBP+8]\n JMP sec2\n",Transpose
"CMP DWORD PTR DS:[ESI+8],0C0\n CMP DWORD PTR DS:[ESI+C],46000000\n TEST DWORD PTR DS:[ESI],FFFF0000\n MOV EDI,EBX\n MOVS DWORD PTR ES:[EDI],DWORD PTR DS:[ES>\n MOVS DWORD PTR ES:[EDI],DWORD PTR DS:[ES>\n MOVS DWORD PTR ES:[EDI],DWORD PTR DS:[ES>\n MOVS DWORD PTR ES:[EDI],DWORD PTR DS:[ES>\n OR DWORD PTR DS:[EBX],0E0000\n XOR EAX,EAX\n TEST EAX,EAX\n MOV EDI,EBX\n MOVS DWORD PTR ES:[EDI],DWORD PTR DS:[ES>\n MOVS DWORD PTR ES:[EDI],DWORD PTR DS:[ES>\n MOVS DWORD PTR ES:[EDI],DWORD PTR DS:[ES>\n MOVS DWORD PTR ES:[EDI],DWORD PTR DS:[ES>\n MOV ECX,ESI\n TEST EAX,EAX\n PUSH 1\n PUSH EBX\n","JMP sec1\n sec3:\n TEST EAX,EAX\n MOV EBX, EBX\n MOV ESI,EAX\n PUSH ESP\n POP ESP\n MOVS DWORD PTR ES:[EDI],DWORD PTR DS:[ES>\n MOVS DWORD PTR ES:[EDI],DWORD PTR DS:[ES>\n JMP sec4\n sec4:\n MOVS DWORD PTR ES:[EDI],DWORD PTR DS:[ES>\n MOVS DWORD PTR ES:[EDI],DWORD PTR DS:[ES>\n NOP\n MOV EDX,EDI\n TEST EAX,EAX\n PUSH 1\n JMP sec5\n sec5:\n PUSH EAX\n \n sec2:\n MOVS DWORD PTR ES:[EDI],DWORD PTR DS:[ES>\n MOVS DWORD PTR ES:[EDI],DWORD PTR DS:[ES>\n MOVS DWORD PTR ES:[EDI],DWORD PTR DS:[ES>\n MOVS DWORD PTR ES:[EDI],DWORD PTR DS:[ES>\n OR DWORD PTR DS:[EBX],0E0000\n XOR EAX,EAX\n JMP sec3\n sec1:\n CMP DWORD PTR DS:[ESI+8],0C0\n CMP DWORD PTR DS:[ESI+C],46000000\n LEA EBX, [EBX]\n TEST DWORD PTR DS:[ESI],FFFF0000\n PUSHFD\n POPFD\n MOV ESI,EAX\n JMP sec2\n",Transpose
"PUSH ESI\n MOV ESI,DWORD PTR SS:[EBP+8]\n PUSH EDI\n MOV EDI,DWORD PTR SS:[EBP+10]\n AND DWORD PTR DS:[EDI],0\n TEST EAX,EAX\n MOV ECX,DWORD PTR SS:[EBP+C]\n TEST EAX,EAX\n MOV ECX,ESI\n MOV ECX,DWORD PTR SS:[EBP+C]\n TEST EAX,EAX\n MOV ECX,ESI\n LEA EAX,DWORD PTR DS:[ESI+4]\n NEG ECX\n SBB ECX,ECX\n AND ECX,EAX\n MOV ESI,ECX\n MOV DWORD PTR DS:[EDI],ESI\n TEST ECX,ECX\n MOV EAX,DWORD PTR DS:[ECX]\n","JMP sec1\n sec4:\n AND ECX,EAX\n MOV EDI,EDX\n MOV DWORD PTR DS:[EDI],ESI\n LEA EBX, [EBX]\n TEST ECX,ECX\n SUB EAX, 0\n MOV EBX,DWORD PTR DS:[ECX]\n JMP sec5\n sec2:\n MOV EDX,DWORD PTR SS:[EBP+C]\n ADD EAX, 0\n TEST EAX,EAX\n MOV EDX,EDI\n PUSHFD\n POPFD\n MOV EDX,DWORD PTR SS:[EBP+C]\n PUSHAD\n POPAD\n JMP sec3\n sec3:\n TEST EAX,EAX\n MOV EDX,EDI\n PUSH ESP\n POP ESP\n LEA EBX,DWORD PTR DS:[ESI+4]\n NEG ECX\n SBB ECX,ECX\n LEA EBX, [EBX]\n JMP sec4\n sec1:\n PUSH EDI\n MOV EDI,DWORD PTR SS:[EBP+8]\n PUSH ESI\n MOV ESI,DWORD PTR SS:[EBP+10]\n AND DWORD PTR DS:[EDI],0\n TEST EAX,EAX\n LEA EBX, [EBX]\n JMP sec2\n sec5:\n XCHG EAX, EAX\n",Transpose
"PUSH DWORD PTR SS:[EBP+C]\n MOV EDX,DWORD PTR DS:[ESI+4]\n PUSH DWORD PTR SS:[EBP+8]\n MOV ECX,DWORD PTR DS:[ESI+C]\n PUSH EDI\n MOV EBX,8000FFFF\n POP EDI\n POP ESI\n MOV EAX,EBX\n POP EBX\n LEAVE\n RETN 0C\n XOR EAX,EAX\n SUB ECX,EAX\n SUB ECX,1\n PUSH 2\n POP EAX\n RETN\n XOR EAX,EAX\n INC EAX\n","JMP sec1\n sec4:\n PUSH 2\n POP EAX\n XCHG EAX, EAX\n RETN\n XOR EAX,EAX\n LEA EBX, [EBX]\n JMP sec5\n sec5:\n INC EAX\n PUSHAD\n POPAD\n \n sec1:\n PUSH DWORD PTR SS:[EBP+C]\n MOV ECX,DWORD PTR DS:[ESI+4]\n PUSHAD\n POPAD\n PUSH DWORD PTR SS:[EBP+8]\n LEA EBX, [EBX]\n MOV EDX,DWORD PTR DS:[ESI+C]\n JMP sec2\n sec2:\n PUSH ESI\n MOV EAX,8000FFFF\n MOV EBX, EBX\n POP EDI\n POP ESI\n MOV EAX,EAX\n JMP sec3\n sec3:\n POP EBX\n LEAVE\n RETN 0C\n XOR EAX,EAX\n SUB ECX,EAX\n SUB ECX,1\n JMP sec4\n",Transpose
"MOV EAX,ESI\n POP EDI\n POP ESI\n POP EBP\n RETN 4\n MOV EAX,DWORD PTR DS:[ECX+68]\n TEST AL,4\n XOR EAX,EAX\n RETN\n PUSH ESI\n PUSH EDI\n MOV EDI,ECX\n MOV DWORD PTR DS:[EDI+6C],EAX\n LEA EAX,DWORD PTR DS:[EDI+64]\n PUSH EAX\n PUSH EAX\n MOV ECX,EDI\n MOV ESI,EAX\n MOV ECX,EDI\n MOV EAX,ESI\n","JMP sec1\n sec4:\n PUSH EBX\n PUSH EBX\n MOV EDX,ESI\n MOV EDI,EBX\n MOV EDX,ESI\n LEA EBX, [EBX]\n JMP sec5\n sec3:\n PUSH ESI\n MOV ESI,EDX\n MOV DWORD PTR DS:[EDI+6C],EAX\n PUSHFD\n POPFD\n LEA EBX,DWORD PTR DS:[EDI+64]\n LEA EBX, [EBX]\n JMP sec4\n sec1:\n MOV EBX,EDI\n POP EDI\n POP ESI\n POP EBP\n ADD EAX, 0\n RETN 4\n JMP sec2\n sec5:\n MOV EBX,EDI\n \n ADD EAX, 0\n sec2:\n MOV EBX,DWORD PTR DS:[ECX+68]\n TEST AL,4\n XOR EAX,EAX\n RETN\n PUSH EDI\n XCHG EAX, EAX\n JMP sec3\n",Transpose
"XOR EDI,EDI\n MOV DWORD PTR DS:[EDX],EDI\n MOV ECX,DWORD PTR DS:[EAX+20]\n MOV EAX,DWORD PTR DS:[EAX+24]\n CMP EAX,DWORD PTR DS:[ECX+8]\n MOV ECX,DWORD PTR DS:[ECX+EAX*4+C]\n MOV DWORD PTR DS:[EDX],ECX\n PUSH ESI\n PUSH ECX\n MOV EAX,DWORD PTR DS:[ECX]\n MOV ESI,DWORD PTR DS:[EAX+4]\n MOV ECX,ESI\n POP ESI\n PUSH EDI\n MOV EDI,8000000B\n PUSH EDI\n MOV EAX,EDI\n POP EDI\n POP EBP\n RETN 8\n","JMP sec1\n sec3:\n MOV EBX,DWORD PTR DS:[ECX]\n MOV EDI,DWORD PTR DS:[EAX+4]\n MOV EDX,EDI\n POP ESI\n PUSHFD\n POPFD\n PUSH ESI\n JMP sec4\n sec4:\n PUSH ESP\n POP ESP\n MOV ESI,8000000B\n PUSH ESI\n MOV EBX,ESI\n POP EDI\n POP EBP\n JMP sec5\n sec1:\n XOR EDI,EDI\n MOV DWORD PTR DS:[EDX],EDI\n MOV EDX,DWORD PTR DS:[EAX+20]\n MOV EBX,DWORD PTR DS:[EBX+24]\n SUB EAX, 0\n CMP EBX,DWORD PTR DS:[ECX+8]\n JMP sec2\n sec2:\n MOV EDX,DWORD PTR DS:[EDX+EAX*4+C]\n NOP\n MOV DWORD PTR DS:[EDX],ECX\n PUSH EDI\n PUSH EDX\n PUSHAD\n POPAD\n JMP sec3\n sec5:\n RETN 8\n",Transpose
"MOV DWORD PTR SS:[EBP-5C],ECX\n TEST EAX,EAX\n MOV DWORD PTR SS:[EBP-14],EAX\n CMP WORD PTR DS:[EAX],0\n PUSH ECX\n MOV ESI,EAX\n TEST ESI,ESI\n CMP WORD PTR DS:[ESI],0\n LEA EAX,DWORD PTR SS:[EBP-58]\n MOV EDX,20\n MOV ECX,EAX\n SUB ESI,ECX\n LEA ESP,DWORD PTR SS:[ESP]\n LEA ECX,DWORD PTR DS:[EDX+7FFFFFDE]\n TEST ECX,ECX\n MOVZX ECX,WORD PTR DS:[ESI+EAX]\n TEST CX,CX\n MOV WORD PTR DS:[EAX],CX\n SUB EDX,1\n TEST EDX,EDX\n","JMP sec1\n sec2:\n MOV EDI,EBX\n TEST ESI,ESI\n CMP WORD PTR DS:[ESI],0\n SUB EAX, 0\n LEA EBX,DWORD PTR SS:[EBP-58]\n MOV ECX,20\n MOV EDX,EBX\n JMP sec3\n sec4:\n MOVZX EDX,WORD PTR DS:[ESI+EAX]\n NOP\n TEST CX,CX\n MOV WORD PTR DS:[EAX],CX\n SUB EDX,1\n MOV EBX, EBX\n TEST EDX,EDX\n JMP sec5\n sec1:\n MOV DWORD PTR SS:[EBP-5C],ECX\n TEST EAX,EAX\n ADD EAX, 0\n MOV DWORD PTR SS:[EBP-14],EAX\n CMP WORD PTR DS:[EAX],0\n SUB EAX, 0\n PUSH EDX\n JMP sec2\n sec3:\n PUSH ESP\n POP ESP\n SUB ESI,ECX\n MOV EBX, EBX\n LEA EBP,DWORD PTR SS:[EBP]\n PUSH ESP\n POP ESP\n LEA EDX,DWORD PTR DS:[EDX+7FFFFFDE]\n TEST ECX,ECX\n JMP sec4\n sec5:\n ADD EAX, 0\n \n XCHG EAX, EAX\n",Transpose
"MOV EAX,DWORD PTR DS:[EAX+10]\n MOV DWORD PTR SS:[ESP+4],EAX\n MOV EAX,DWORD PTR DS:[EAX]\n MOV EAX,DWORD PTR DS:[EAX+1F4C]\n MOV ECX,EAX\n MOV EAX,ECX\n JMP EAX\n MOV EAX,DWORD PTR SS:[ESP+4]\n MOV EAX,DWORD PTR DS:[EAX+10]\n MOV DWORD PTR SS:[ESP+4],EAX\n MOV EAX,DWORD PTR DS:[EAX]\n MOV EAX,DWORD PTR DS:[EAX+1F50]\n MOV ECX,EAX\n MOV EAX,ECX\n JMP EAX\n MOV EAX,DWORD PTR SS:[ESP+4]\n MOV EAX,DWORD PTR DS:[EAX+10]\n MOV DWORD PTR SS:[ESP+4],EAX\n MOV EAX,DWORD PTR DS:[EAX]\n MOV EAX,DWORD PTR DS:[EAX+1F54]\n","JMP sec1\n sec4:\n JMP EAX\n MOV EBX,DWORD PTR SS:[ESP+4]\n PUSH ESP\n POP ESP\n MOV EBX,DWORD PTR DS:[EBX+10]\n XCHG EAX, EAX\n MOV DWORD PTR SS:[ESP+4],EAX\n MOV EBX,DWORD PTR DS:[EBX]\n JMP sec5\n sec2:\n MOV EDX,EBX\n MOV EBX,EDX\n JMP EAX\n PUSHAD\n POPAD\n MOV EBX,DWORD PTR SS:[ESP+4]\n MOV EBX,DWORD PTR DS:[EBX+10]\n MOV DWORD PTR SS:[ESP+4],EAX\n JMP sec3\n sec1:\n MOV EBX,DWORD PTR DS:[EBX+10]\n MOV DWORD PTR SS:[ESP+4],EAX\n LEA EBX, [EBX]\n MOV EBX,DWORD PTR DS:[EBX]\n PUSHFD\n POPFD\n MOV EBX,DWORD PTR DS:[EBX+1F4C]\n PUSHAD\n POPAD\n JMP sec2\n sec5:\n MOV EBX,DWORD PTR DS:[EBX+1F54]\n \n sec3:\n MOV EBX,DWORD PTR DS:[EBX]\n ADD EAX, 0\n MOV EBX,DWORD PTR DS:[EBX+1F50]\n MOV EBX, EBX\n MOV EDX,EBX\n MOV EBX, EBX\n MOV EBX,EDX\n JMP sec4\n",Transpose
,,
"PUSH DWORD PTR SS:[EBP+8]\n POP EDI\n POP ESI\n POP EBX\n LEAVE\n RETN 14\n PUSH 3C\n MOV EDI,ECX\n XOR EBX,EBX\n LEA ECX,DWORD PTR SS:[EBP-28]\n PUSH EBX\n LEA ECX,DWORD PTR SS:[EBP-28]\n MOV DWORD PTR SS:[EBP-4],EBX\n MOV DWORD PTR SS:[EBP-18],EDI\n TEST EDI,EDI\n INC DWORD PTR DS:[EDI+C]\n MOV BYTE PTR SS:[EBP-4],1\n MOV EAX,DWORD PTR DS:[EDI+4]\n MOV ESI,DWORD PTR DS:[EAX]\n CMP ESI,EAX\n","PUSH DWORD PTR SS:[EBP+8]\n POP EDI\n POP ESI\n MOV ECX, ECX\n POP EBX\n LEAVE\n RETN 14\n PUSH 3C\n MOV EDI,ECX\n PUSHAD\n POPAD\n XOR EBX,EBX\n LEA ECX,DWORD PTR SS:[EBP-28]\n MOV EDX, 1\n MOV EDX, 0\n PUSH EBX\n LEA ECX,DWORD PTR SS:[EBP-28]\n SUB ECX, 0\n MOV DWORD PTR SS:[EBP-4],EBX\n MOV DWORD PTR SS:[EBP-18],EDI\n LEA EAX, [EAX]\n TEST EDI,EDI\n INC DWORD PTR DS:[EDI+C]\n ADD EDX, EDX\n SUB EDX, EDX\n MOV BYTE PTR SS:[EBP-4],1\n MOV EAX,DWORD PTR DS:[EDI+4]\n MOV ESI,DWORD PTR DS:[EAX]\n MOV EDI, EDI\n CMP ESI,EAX\n",Dead Code
"PUSH EAX\n MOV BYTE PTR SS:[EBP-4],2\n TEST EDI,EDI\n CMP BYTE PTR DS:[EAX+9],2\n PUSH ESI\n PUSH DWORD PTR DS:[EAX+4]\n PUSH DWORD PTR DS:[EAX+]\n PUSH\n MOV ECX,EBX\n MOV ESI,EAX\n TEST ESI,ESI\n MOV ECX,DWORD PTR DS:[EBX+4C]\n CMP DWORD PTR DS:[ECX-C],EAX\n PUSH 5\n POP ECX\n PUSH 3\n POP EAX\n REP MOVS DWORD PTR ES:[EDI],DWORD PTR DS\n MOV ECX,DWORD PTR DS:[EBX+2C]\n XOR EDX,EDX\n","PUSH EAX\n MOV BYTE PTR SS:[EBP-4],2\n TEST EDI,EDI\n CMP BYTE PTR DS:[EAX+9],2\n SUB EAX, 0\n PUSH ESI\n LEA EAX, [EAX]\n PUSH DWORD PTR DS:[EAX+4]\n PUSH DWORD PTR DS:[EAX+]\n PUSH\n MOV ECX,EBX\n PUSHAX\n POPAX\n MOV ESI,EAX\n TEST ESI,ESI\n MOV EDX, 1\n MOV EDX, 0\n MOV ECX,DWORD PTR DS:[EBX+4C]\n CMP DWORD PTR DS:[ECX-C],EAX\n PUSH 5\n POP ECX\n PUSH 3\n POP EAX\n REP MOVS DWORD PTR ES:[EDI],DWORD PTR DS\n MOV EAX, 1\n MOV EAX, 0\n MOV ECX,DWORD PTR DS:[EBX+2C]\n NOP\n XOR EDX,EDX\n MOV EDI, EDI\n",Dead Code
"CMP ECX,EAX\n XOR ESI,ESI\n INC ESI\n MOV DWORD PTR DS:[EDI+340],EAX\n PUSH 40\n LEA EAX,DWORD PTR DS:[EDI+388]\n PUSH 0\n PUSH EAX\n MOV EAX,DWORD PTR DS:[EDI+34C]\n SUB EAX,DWORD PTR DS:[EDI+3CC]\n MOV DWORD PTR DS:[EDI+38C],EAX\n MOV EAX,DWORD PTR DS:[EDI+364]\n SUB EAX,DWORD PTR DS:[EDI+3E4]\n MOV ECX,DWORD PTR DS:[EDI+380]\n MOV DWORD PTR DS:[EDI+3A4],EAX\n MOV EAX,DWORD PTR DS:[EDI+368]\n SUB EAX,DWORD PTR DS:[EDI+3E8]\n MOV DWORD PTR DS:[EDI+3A8],EAX\n MOV EAX,DWORD PTR DS:[EDI+37C]\n SUB EAX,DWORD PTR DS:[EDI+3FC]\n","CMP ECX,EAX\n XOR ESI,ESI\n INC ESI\n MOV DWORD PTR DS:[EDI+340],EAX\n PUSH 40\n LEA EAX,DWORD PTR DS:[EDI+388]\n PUSH 0\n PUSH EAX\n PUSHAD\n POPAD\n MOV EAX,DWORD PTR DS:[EDI+34C]\n ADD ECX, ECX\n SUB ECX, ECX\n SUB EAX,DWORD PTR DS:[EDI+3CC]\n MOV DWORD PTR DS:[EDI+38C],EAX\n MOV EAX,DWORD PTR DS:[EDI+364]\n SUB EAX,DWORD PTR DS:[EDI+3E4]\n MOV ECX,DWORD PTR DS:[EDI+380]\n MOV DWORD PTR DS:[EDI+3A4],EAX\n MOV EAX,DWORD PTR DS:[EDI+368]\n SUB EAX,DWORD PTR DS:[EDI+3E8]\n MOV DWORD PTR DS:[EDI+3A8],EAX\n MOV EAX,DWORD PTR DS:[EDI+37C]\n SUB EAX,DWORD PTR DS:[EDI+3FC]\n MOV ESI, ESI\n",Dead Code
"MOV ECX,DWORD PTR SS:[EBP-14]\n CMP ESI,ESP\n MOV ECX,4\n INT 29\n MOV DWORD PTR DS:[EBX+118],EAX\n MOV ESI,ESP\n MOV EAX,DWORD PTR SS:[EBP-14]\n MOV EAX,DWORD PTR DS:[EAX]\n MOV EDI,DWORD PTR DS:[EAX]\n MOV ECX,EDI\n MOV ECX,DWORD PTR SS:[EBP-14]\n CMP ESI,ESP\n MOV ECX,4\n INT 29\n MOV DWORD PTR DS:[EBX+11C],EAX\n MOV ESI,ESP\n MOV EAX,DWORD PTR SS:[EBP-14]\n MOV EAX,DWORD PTR DS:[EAX]\n MOV EDI,DWORD PTR DS:[EAX]\n MOV ECX,EDI\n","MOV ECX,DWORD PTR SS:[EBP-14]\n PUSH EDI\n POP EDI\n CMP ESI,ESP\n MOV ECX,4\n INT 29\n MOV DWORD PTR DS:[EBX+118],EAX\n MOV ESI,ESP\n MOV EAX,DWORD PTR SS:[EBP-14]\n MOV EAX,DWORD PTR DS:[EAX]\n XCHG EAX, EAX\n MOV EDI,DWORD PTR DS:[EAX]\n MOV ECX,EDI\n MOV ECX,DWORD PTR SS:[EBP-14]\n SUB EBX, 0\n CMP ESI,ESP\n MOV ECX,4\n INT 29\n MOV EBX, 1\n MOV EBX, 0\n MOV DWORD PTR DS:[EBX+11C],EAX\n MOV ESI,ESP\n MOV EAX,DWORD PTR SS:[EBP-14]\n MOV EAX,DWORD PTR DS:[EAX]\n MOV EDI,DWORD PTR DS:[EAX]\n MOV ESI, ESI\n MOV ECX,EDI\n",Dead Code
"PUSH 0C\n PUSH DWORD PTR DS:[ESI+DC]\n PUSH 1\n PUSH DWORD PTR DS:[ESI+E0]\n CMP DWORD PTR DS:[ESI+6C],3\n MOV ECX,ESI\n MOV ECX,ESI\n POP ESI\n MOV EDI,EDI\n PUSH EBP\n MOV EBP,ESP\n SUB ESP,30\n PUSH EBX\n MOV EBX,ECX\n PUSH ESI\n PUSH EDI\n MOV DWORD PTR SS:[EBP-18],EBX\n MOV ECX,DWORD PTR DS:[EBX+C8]\n MOV EAX,DWORD PTR DS:[EBX+114]\n DEC ECX\n","PUSH 0C\n PUSH DWORD PTR DS:[ESI+DC]\n XCHG EDX, EDX\n PUSH 1\n SUB EAX, 0\n PUSH DWORD PTR DS:[ESI+E0]\n CMP DWORD PTR DS:[ESI+6C],3\n MOV ECX,ESI\n MOV ECX,ESI\n MOV EAX, EAX\n POP ESI\n MOV EDI,EDI\n PUSH EBP\n MOV EBP,ESP\n SUB ESP,30\n SUB ECX, 0\n PUSH EBX\n MOV EBX,ECX\n PUSH ESI\n XCHG EBX, EBX\n PUSH EDI\n MOV DWORD PTR SS:[EBP-18],EBX\n MOV EDX, 1\n MOV EDX, 0\n MOV ECX,DWORD PTR DS:[EBX+C8]\n MOV EAX,DWORD PTR DS:[EBX+114]\n DEC ECX\n",Dead Code
"LEA ECX,DWORD PTR SS:[ESP+1C]\n PUSH ECX\n PUSH EDI\n MOV ESI,DWORD PTR DS:[EAX+5C]\n MOV ECX,ESI\n LEA EAX,DWORD PTR SS:[ESP+13]\n MOV BYTE PTR SS:[ESP+13],0\n PUSH EAX\n LEA EAX,DWORD PTR SS:[ESP+54]\n MOV ECX,EDI\n PUSH EAX\n PUSH EAX\n LEA ECX,DWORD PTR SS:[ESP+24]\n LEA ECX,DWORD PTR SS:[ESP+50]\n LEA ECX,DWORD PTR SS:[ESP+20]\n TEST AL,AL\n MOV ECX,DWORD PTR DS:[EBX+C]\n AND DWORD PTR SS:[ESP+18],0\n OR DWORD PTR DS:[EBX+C],FFFFFFFF\n AND DWORD PTR DS:[EBX+20],0\n","LEA ECX,DWORD PTR SS:[ESP+1C]\n PUSH ECX\n PUSH EDI\n MOV ESI,DWORD PTR DS:[EAX+5C]\n MOV ECX,ESI\n SUB EDX, 0\n LEA EAX,DWORD PTR SS:[ESP+13]\n MOV BYTE PTR SS:[ESP+13],0\n PUSH EAX\n LEA EAX,DWORD PTR SS:[ESP+54]\n XCHG ECX, ECX\n MOV ECX,EDI\n PUSHAX\n POPAX\n PUSH EAX\n PUSH EAX\n LEA ECX,DWORD PTR SS:[ESP+24]\n PUSHAX\n POPAX\n LEA ECX,DWORD PTR SS:[ESP+50]\n LEA ECX,DWORD PTR SS:[ESP+20]\n TEST AL,AL\n LEA EDX, [EDX]\n MOV ECX,DWORD PTR DS:[EBX+C]\n SUB EBX, 0\n AND DWORD PTR SS:[ESP+18],0\n OR DWORD PTR DS:[EBX+C],FFFFFFFF\n AND DWORD PTR DS:[EBX+20],0\n",Dead Code
"MOV ESP,EBP\n POP EBP\n PUSH ECX\n RETN\n MOV EDI,EDI\n PUSH EBP\n MOV EBP,ESP\n AND DWORD PTR DS:[7557FB4C],0\n SUB ESP,24\n OR DWORD PTR DS:[7557F3C0],1\n PUSH 0A\n TEST EAX,EAX\n AND DWORD PTR SS:[EBP-10],0\n XOR EAX,EAX\n PUSH EBX\n PUSH ESI\n PUSH EDI\n XOR ECX,ECX\n LEA EDI,DWORD PTR SS:[EBP-24]\n PUSH EBX\n","MOV ESP,EBP\n ADD ECX, 0\n POP EBP\n PUSH ECX\n RETN\n MOV EDI,EDI\n PUSH EBP\n MOV EBP,ESP\n AND DWORD PTR DS:[7557FB4C],0\n SUB ESP,24\n OR DWORD PTR DS:[7557F3C0],1\n MOV EDX, EDX\n PUSH 0A\n TEST EAX,EAX\n AND DWORD PTR SS:[EBP-10],0\n XOR EAX,EAX\n PUSH EBX\n XCHG ECX, ECX\n PUSH ESI\n PUSH EDI\n XOR ECX,ECX\n ADD EBX, 0\n LEA EDI,DWORD PTR SS:[EBP-24]\n PUSHAX\n POPAX\n PUSH EBX\n",Dead Code
"MOV ESI,EAX\n MOV DWORD PTR SS:[EBP-2C],EDX\n LEA EDI,DWORD PTR SS:[EBP-4C]\n REP MOVS DWORD PTR ES:[EDI],DWORD PTR\n MOV ESI,DWORD PTR SS:[EBP-8]\n MOV EDI,EAX\n MOV EAX,DWORD PTR SS:[EBP-8]\n POP ECX\n REP MOVS DWORD PTR ES:[EDI],DWORD PTR\n MOV EDI,EAX\n LEA ESI,DWORD PTR SS:[EBP-4C]\n POP ECX\n REP MOVS DWORD PTR ES:[EDI],DWORD PTR\n MOV ESI,DWORD PTR SS:[EBP-24]\n MOV DWORD PTR SS:[EBP-8],EAX\n LEA ECX,DWORD PTR DS:[EBX+EDI]\n LEA EDX,DWORD PTR DS:[EDX+34]\n MOV EDX,DWORD PTR SS:[EBP-2C]\n TEST AL,AL\n MOV BYTE PTR SS:[EBP-1],1\n","MOV ESI,EAX\n MOV DWORD PTR SS:[EBP-2C],EDX\n XCHG EDI, EDI\n LEA EDI,DWORD PTR SS:[EBP-4C]\n REP MOVS DWORD PTR ES:[EDI],DWORD PTR\n PUSHAD\n POPAD\n MOV ESI,DWORD PTR SS:[EBP-8]\n MOV EDI,EAX\n MOV EAX,DWORD PTR SS:[EBP-8]\n POP ECX\n REP MOVS DWORD PTR ES:[EDI],DWORD PTR\n MOV EDI,EAX\n LEA ESI,DWORD PTR SS:[EBP-4C]\n PUSH ECX\n POP ECX\n POP ECX\n REP MOVS DWORD PTR ES:[EDI],DWORD PTR\n MOV ESI,DWORD PTR SS:[EBP-24]\n MOV DWORD PTR SS:[EBP-8],EAX\n LEA ECX,DWORD PTR DS:[EBX+EDI]\n LEA EDX,DWORD PTR DS:[EDX+34]\n MOV EDX,DWORD PTR SS:[EBP-2C]\n TEST AL,AL\n MOV BYTE PTR SS:[EBP-1],1\n",Dead Code
"PUSH EDI\n MOV EDI,ECX\n MOV ECX,EBX\n MOV ESI,EDX\n MOV DWORD PTR DS:[ESI],EAX\n TEST EAX,EAX\n POP ECX\n POP ECX\n MOV DWORD PTR DS:[EAX],EBX\n MOV EAX,DWORD PTR DS:[ESI]\n PUSH EAX\n XOR EAX,EAX\n STOS DWORD PTR ES:[EDI]\n STOS DWORD PTR ES:[EDI]\n STOS DWORD PTR ES:[EDI]\n STOS WORD PTR ES:[EDI]\n MOV ECX,DWORD PTR DS:[ESI]\n CMP EBX,DWORD PTR DS:[ECX]\n MOV ECX,EBX\n MOV DWORD PTR DS:[ESI],EAX\n","PUSH EDI\n XCHG EBX, EBX\n MOV EDI,ECX\n MOV ECX,EBX\n MOV ESI,EDX\n ADD EBX, 0\n MOV DWORD PTR DS:[ESI],EAX\n SUB EDX, 0\n TEST EAX,EAX\n MOV EDX, EDX\n POP ECX\n POP ECX\n ADD EDX, 0\n MOV DWORD PTR DS:[EAX],EBX\n MOV EBX, EBX\n MOV EAX,DWORD PTR DS:[ESI]\n XCHG EDI, EDI\n PUSH EAX\n XOR EAX,EAX\n STOS DWORD PTR ES:[EDI]\n STOS DWORD PTR ES:[EDI]\n STOS DWORD PTR ES:[EDI]\n MOV EBX, EBX\n STOS WORD PTR ES:[EDI]\n PUSH EBX\n POP EBX\n MOV ECX,DWORD PTR DS:[ESI]\n ADD EDX, EDX\n SUB EDX, EDX\n CMP EBX,DWORD PTR DS:[ECX]\n MOV ECX, 1\n MOV ECX, 0\n MOV ECX,EBX\n MOV DWORD PTR DS:[ESI],EAX\n",Dead Code
"MOV ECX,EAX\n MOVZX EAX,BYTE PTR DS:[EBX]\n MOV DWORD PTR DS:[ESI+EAX*4+B0],ECX\n LEA EAX,DWORD PTR DS:[EBX+3]\n MOV DWORD PTR DS:[ESI+4],EAX\n PUSH DWORD PTR DS:[ESI+3C]\n MOV DWORD PTR SS:[ESP+14],EAX\n MOVZX EAX,BYTE PTR DS:[EBX+2]\n MOV ECX,DWORD PTR DS:[ESI+EAX*4+B0]\n MOVZX EAX,BYTE PTR DS:[EBX+1]\n PUSH ECX\n PUSH DWORD PTR DS:[ESI+EAX*4+B0]\n MOV ECX,EAX\n MOVZX EAX,BYTE PTR DS:[EBX]\n MOV DWORD PTR DS:[ESI+EAX*4+B0],ECX\n LEA EAX,DWORD PTR DS:[EBX+3]\n MOV DWORD PTR DS:[ESI+4],EAX\n PUSH DWORD PTR DS:[ESI+3C]\n MOV DWORD PTR SS:[ESP+14],EAX\n MOVZX EAX,BYTE PTR DS:[EBX+2]\n","MOV ECX,EAX\n MOVZX EAX,BYTE PTR DS:[EBX]\n MOV DWORD PTR DS:[ESI+EAX*4+B0],ECX\n MOV EDX, 1\n MOV EDX, 0\n LEA EAX,DWORD PTR DS:[EBX+3]\n MOV DWORD PTR DS:[ESI+4],EAX\n LEA EBX, [EBX]\n PUSH DWORD PTR DS:[ESI+3C]\n MOV DWORD PTR SS:[ESP+14],EAX\n PUSH ECX\n POP ECX\n MOVZX EAX,BYTE PTR DS:[EBX+2]\n PUSHF\n POPF\n MOV ECX,DWORD PTR DS:[ESI+EAX*4+B0]\n PUSH EDX\n POP EDX\n MOVZX EAX,BYTE PTR DS:[EBX+1]\n ADD EAX, EAX\n SUB EAX, EAX\n PUSH ECX\n XCHG EBX, EBX\n PUSH DWORD PTR DS:[ESI+EAX*4+B0]\n MOV ECX,EAX\n MOVZX EAX,BYTE PTR DS:[EBX]\n MOV DWORD PTR DS:[ESI+EAX*4+B0],ECX\n LEA EAX,DWORD PTR DS:[EBX+3]\n MOV DWORD PTR DS:[ESI+4],EAX\n PUSH DWORD PTR DS:[ESI+3C]\n MOV EBX, 1\n MOV EBX, 0\n MOV DWORD PTR SS:[ESP+14],EAX\n MOVZX EAX,BYTE PTR DS:[EBX+2]\n",Dead Code
"PUSH EAX\n PUSH EBX\n MOV ESI,EAX\n PUSH ESI\n MOV EAX,ESI\n MOV EDI,EDX\n MOV ESI,ECX\n MOV EAX,DWORD PTR SS:[EBP+C]\n XOR ECX,ECX\n PUSH 7\n XOR EAX,EAX\n POP EDX\n MOV DWORD PTR SS:[EBP-5C],ECX\n MOV DWORD PTR SS:[EBP-2C],ECX\n MOV DWORD PTR SS:[EBP-1C],ECX\n MOV EAX,ECX\n PUSH ECX\n PUSH EBX\n PUSH 6A\n MOV ECX,ESI\n","PUSH EAX\n SUB ECX, 0\n PUSH EBX\n MOV ESI,EAX\n SUB EBX, 0\n PUSH ESI\n MOV EAX,ESI\n MOV EDI,EDX\n MOV ESI,ECX\n MOV EAX,DWORD PTR SS:[EBP+C]\n MOV ECX, 1\n MOV ECX, 0\n XOR ECX,ECX\n ADD EBX, 0\n PUSH 7\n XOR EAX,EAX\n POP EDX\n MOV DWORD PTR SS:[EBP-5C],ECX\n ADD EAX, 0\n MOV DWORD PTR SS:[EBP-2C],ECX\n MOV DWORD PTR SS:[EBP-1C],ECX\n PUSHAD\n POPAD\n MOV EAX,ECX\n PUSH ECX\n PUSH EBX\n PUSH 6A\n MOV ECX,ESI\n",Dead Code
"LEA EDI,DWORD PTR SS:[EBP-24]\n MOV EDX,EBX\n MOVS DWORD PTR ES:[EDI],DWORD PTR DS:[ES\n PUSH ECX\n PUSH ECX\n PUSH DWORD PTR SS:[EBP+8]\n MOV ECX,DWORD PTR SS:[EBP-4]\n MOVS DWORD PTR ES:[EDI],DWORD PTR DS:[ES\n MOVS DWORD PTR ES:[EDI],DWORD PTR DS:[ES\n POP EDI\n POP ESI\n POP EBX\n LEAVE\n RETN 14\n MOV EDI,EDI\n PUSH EBP\n MOV EBP,ESP\n SUB ESP,24\n PUSH EBX\n PUSH ESI\n","LEA EDI,DWORD PTR SS:[EBP-24]\n MOV EDX,EBX\n MOVS DWORD PTR ES:[EDI],DWORD PTR DS:[ES\n PUSH ECX\n NOP\n PUSH ECX\n MOV EAX, 1\n MOV EAX, 0\n PUSH DWORD PTR SS:[EBP+8]\n MOV ECX,DWORD PTR SS:[EBP-4]\n MOVS DWORD PTR ES:[EDI],DWORD PTR DS:[ES\n MOVS DWORD PTR ES:[EDI],DWORD PTR DS:[ES\n POP EDI\n POP ESI\n PUSH EBX\n POP EBX\n POP EBX\n LEAVE\n MOV EAX, 1\n MOV EAX, 0\n RETN 14\n MOV EDI,EDI\n PUSH EBP\n MOV EBP,ESP\n SUB EBX, 0\n SUB ESP,24\n PUSH EBX\n PUSH ESI\n MOV EDI, EDI\n",Dead Code
"PUSH EBP\n MOV EBP,ESP\n SUB ESP,1C\n PUSH EBX\n PUSH ESI\n PUSH EDI\n MOV ESI,EDX\n MOV EAX,ECX\n XOR ECX,ECX\n MOV EBX,ECX\n MOV DWORD PTR DS:[ESI],ECX\n PUSH 1\n XOR EDX,EDX\n MOV ECX,EDI\n XOR EDX,EDX\n MOV ECX,EDI\n MOV EAX,ECX\n MOV DWORD PTR SS:[ESP+1C],ECX\n MOV EAX,DWORD PTR DS:[EDI+C]\n MOV DWORD PTR SS:[ESP+1C],ECX\n","PUSH EBP\n SUB ECX, 0\n MOV EBP,ESP\n SUB ESP,1C\n ADD EAX, EAX\n SUB EAX, EAX\n PUSH EBX\n XCHG EBX, EBX\n PUSH ESI\n PUSH EDI\n PUSHFD\n POPFD\n MOV ESI,EDX\n MOV EAX,ECX\n ADD EAX, 0\n XOR ECX,ECX\n MOV EBX,ECX\n MOV DWORD PTR DS:[ESI],ECX\n PUSH 1\n XOR EDX,EDX\n MOV ECX,EDI\n XOR EDX,EDX\n ADD ECX, ECX\n SUB ECX, ECX\n MOV ECX,EDI\n MOV EAX,ECX\n XCHG ESI, ESI\n MOV DWORD PTR SS:[ESP+1C],ECX\n MOV EAX,DWORD PTR DS:[EDI+C]\n ADD EDX, 0\n MOV DWORD PTR SS:[ESP+1C],ECX\n SUB EAX, 0\n",Dead Code
"MOV DWORD PTR SS:[ESP+14],EAX\n MOVZX EAX,BYTE PTR DS:[EBX+5]\n PUSH DWORD PTR DS:[EBX]\n PUSH DWORD PTR DS:[ESI+EAX*4+B0]\n MOV ECX,EAX\n MOVZX EAX,BYTE PTR DS:[EBX+4]\n MOV DWORD PTR DS:[ESI+EAX*4+B0],ECX\n LEA EAX,DWORD PTR DS:[EBX+2]\n MOV ECX,ESI\n MOV DWORD PTR DS:[ESI+4],EAX\n PUSH DWORD PTR DS:[ESI+3C]\n MOV DWORD PTR SS:[ESP+14],EAX\n MOVZX EAX,BYTE PTR DS:[EBX+1]\n PUSH DWORD PTR DS:[ESI+EAX*4+B0]\n MOV ECX,EAX\n MOVZX EAX,BYTE PTR DS:[EBX]\n MOV DWORD PTR DS:[ESI+EAX*4+B0],ECX\n LEA EAX,DWORD PTR DS:[EBX+1]\n MOV ECX,ESI\n MOV DWORD PTR DS:[ESI+4],EAX\n","MOV DWORD PTR SS:[ESP+14],EAX\n XCHG EDI, EDI\n MOVZX EAX,BYTE PTR DS:[EBX+5]\n PUSH DWORD PTR DS:[EBX]\n MOV EBX, EBX\n PUSH DWORD PTR DS:[ESI+EAX*4+B0]\n MOV ECX,EAX\n MOVZX EAX,BYTE PTR DS:[EBX+4]\n MOV EDX, 1\n MOV EDX, 0\n MOV DWORD PTR DS:[ESI+EAX*4+B0],ECX\n MOV EDX, EDX\n LEA EAX,DWORD PTR DS:[EBX+2]\n MOV ECX,ESI\n ADD EAX, EAX\n SUB EAX, EAX\n MOV DWORD PTR DS:[ESI+4],EAX\n PUSH DWORD PTR DS:[ESI+3C]\n PUSH ECX\n POP ECX\n MOV DWORD PTR SS:[ESP+14],EAX\n MOVZX EAX,BYTE PTR DS:[EBX+1]\n PUSH DWORD PTR DS:[ESI+EAX*4+B0]\n MOV ECX,EAX\n MOVZX EAX,BYTE PTR DS:[EBX]\n MOV DWORD PTR DS:[ESI+EAX*4+B0],ECX\n LEA EAX,DWORD PTR DS:[EBX+1]\n MOV ECX,ESI\n MOV DWORD PTR DS:[ESI+4],EAX\n ADD EBX, EBX\n SUB EBX, EBX\n",Dead Code
"MOV EAX,EBX\n POP EDI\n POP ESI\n POP EBX\n MOV ESP,EBP\n POP EBP\n RETN 10\n POP EDI\n POP ESI\n MOV EAX,80070057\n POP EBX\n MOV ESP,EBP\n POP EBP\n RETN 10\n MOV EDI,EDI\n PUSH EBP\n MOV EBP,ESP\n PUSH ECX\n PUSH EBX\n PUSH EDI\n","MOV EAX,EBX\n POP EDI\n POP ESI\n MOV EAX, EAX\n POP EBX\n MOV ESP,EBP\n POP EBP\n RETN 10\n POP EDI\n POP ESI\n MOV EAX,80070057\n POP EBX\n ADD ECX, 0\n MOV ESP,EBP\n MOV EBX, EBX\n POP EBP\n RETN 10\n MOV EDI,EDI\n PUSH EBP\n MOV EBP,ESP\n PUSH ECX\n PUSH EBX\n PUSH EDI\n",Dead Code
"MOV DWORD PTR SS:[ESP+14],ESI\n CMP EAX,EDI\n MOV EAX,EDI\n PUSH EAX\n PUSH ECX\n LEA EAX,DWORD PTR SS:[ESP+20]\n PUSH EAX\n MOV EAX,DWORD PTR DS:[7567E10C]\n CMP EAX,DWORD PTR DS:[ESI+34]\n MOV ECX,ESI\n AND DWORD PTR SS:[ESP+10],0\n MOV ECX,DWORD PTR DS:[ESI+2C]\n TEST ECX,ECX\n LEA EAX,DWORD PTR SS:[ESP+10]\n PUSH EAX\n LEA EAX,DWORD PTR SS:[ESP+1C]\n PUSH EAX\n TEST EAX,EAX\n CMP DWORD PTR SS:[ESP+10],0\n MOV EDI,80070005\n","MOV DWORD PTR SS:[ESP+14],ESI\n CMP EAX,EDI\n MOV ECX, ECX\n MOV EAX,EDI\n PUSH EAX\n PUSHAD\n POPAD\n PUSH ECX\n LEA EAX,DWORD PTR SS:[ESP+20]\n PUSH EAX\n MOV EAX,DWORD PTR DS:[7567E10C]\n CMP EAX,DWORD PTR DS:[ESI+34]\n MOV ECX,ESI\n AND DWORD PTR SS:[ESP+10],0\n PUSHF\n POPF\n MOV ECX,DWORD PTR DS:[ESI+2C]\n TEST ECX,ECX\n LEA EAX,DWORD PTR SS:[ESP+10]\n PUSH EAX\n LEA EAX,DWORD PTR SS:[ESP+1C]\n PUSH EAX\n TEST EAX,EAX\n SUB EBX, 0\n CMP DWORD PTR SS:[ESP+10],0\n XCHG EDI, EDI\n MOV EDI,80070005\n",Dead Code
"PUSH DWORD PTR DS:[EDI]\n MOV ESI,EBX\n PUSH EBX\n PUSH DWORD PTR DS:[EDI]\n LEA EAX,DWORD PTR DS:[EDI+20]\n MOV ECX,EDI\n PUSH EAX\n LEA EAX,DWORD PTR DS:[EDI+1C]\n PUSH EAX\n MOV ESI,EAX\n TEST ESI,ESI\n PUSH ESI\n PUSH 3\n POP EDX\n TEST EAX,EAX\n PUSH EBX\n PUSH DWORD PTR DS:[EDI]\n LEA EAX,DWORD PTR DS:[EDI+28]\n LEA ECX,DWORD PTR DS:[EDI+24]\n PUSH EAX\n","PUSH DWORD PTR DS:[EDI]\n MOV ESI,EBX\n MOV EDX, 1\n MOV EDX, 0\n PUSH EBX\n PUSH DWORD PTR DS:[EDI]\n LEA EAX, [EAX]\n LEA EAX,DWORD PTR DS:[EDI+20]\n MOV ECX,EDI\n LEA EAX, [EAX]\n PUSH EAX\n LEA EAX,DWORD PTR DS:[EDI+1C]\n PUSH EAX\n MOV ESI,EAX\n TEST ESI,ESI\n PUSH ESI\n ADD EBX, 0\n PUSH 3\n XCHG EDX, EDX\n POP EDX\n TEST EAX,EAX\n ADD EDX, EDX\n SUB EDX, EDX\n PUSH EBX\n PUSH DWORD PTR DS:[EDI]\n LEA EAX,DWORD PTR DS:[EDI+28]\n LEA ECX,DWORD PTR DS:[EDI+24]\n PUSH EAX\n MOV EDX, EDX\n",Dead Code
"LEA ECX,DWORD PTR SS:[EBP-2008]\n PUSH ECX\n PUSH EAX\n MOV ECX,EDI\n MOV ESI,EAX\n TEST ESI,ESI\n PUSH EBX\n MOV EBX,DWORD PTR SS:[EBP-2008]\n XOR EAX,EAX\n MOV DWORD PTR DS:[EDI],EBX\n CMP AX,WORD PTR DS:[EBX]\n LEA EAX,DWORD PTR SS:[EBP-2004]\n MOV ECX,EDI\n PUSH EAX\n MOV ESI,EAX\n TEST ESI,ESI\n XOR ESI,ESI\n PUSH DWORD PTR DS:[ESI*8+733A1820]\n LEA EAX,DWORD PTR SS:[EBP-2004]\n PUSH EAX\n","LEA ECX,DWORD PTR SS:[EBP-2008]\n SUB ECX, 0\n PUSH ECX\n PUSH EAX\n MOV ECX,EDI\n SUB EDX, 0\n MOV ESI,EAX\n TEST ESI,ESI\n PUSH EBX\n MOV EBX,DWORD PTR SS:[EBP-2008]\n NOP\n XOR EAX,EAX\n MOV DWORD PTR DS:[EDI],EBX\n LEA EBX, [EBX]\n CMP AX,WORD PTR DS:[EBX]\n LEA EAX,DWORD PTR SS:[EBP-2004]\n MOV ECX,EDI\n PUSH EAX\n NOP\n NOP\n MOV ESI,EAX\n TEST ESI,ESI\n XOR ESI,ESI\n PUSH DWORD PTR DS:[ESI*8+733A1820]\n LEA EAX,DWORD PTR SS:[EBP-2004]\n PUSH EAX\n",Dead Code
"PUSH EAX\n PUSH DWORD PTR DS:[EAX]\n LEA EAX,DWORD PTR SS:[EBP-4]\n PUSH EAX\n LEAVE\n RETN\n MOV EDI,EDI\n PUSH EBP\n MOV EBP,ESP\n PUSH ECX\n MOV EAX,DWORD PTR DS:[ECX]\n PUSH EAX\n PUSH DWORD PTR DS:[EAX]\n LEA EAX,DWORD PTR SS:[EBP-4]\n PUSH EAX\n LEAVE\n RETN\n MOV EDI,EDI\n PUSH EBP\n MOV EBP,ESP\n","PUSH EAX\n PUSH ESI\n POP ESI\n PUSH DWORD PTR DS:[EAX]\n LEA EAX,DWORD PTR SS:[EBP-4]\n PUSH EAX\n PUSH EBP\n POP EBP\n LEAVE\n PUSH EDX\n POP EDX\n RETN\n MOV EDI,EDI\n LEA EBX, [EBX]\n PUSH EBP\n XCHG EDX, EDX\n MOV EBP,ESP\n PUSH ECX\n ADD ECX, 0\n MOV EAX,DWORD PTR DS:[ECX]\n PUSH EAX\n PUSHF\n POPF\n PUSH DWORD PTR DS:[EAX]\n LEA EAX,DWORD PTR SS:[EBP-4]\n PUSH EAX\n XCHG ESI, ESI\n LEAVE\n RETN\n MOV EDI,EDI\n PUSH EBP\n MOV EBP,ESP\n",Dead Code
PUSH EAX\n PUSH EAX\n PUSH EAX\n PUSH EAX\n PUSH EAX\n PUSH EAX\n PUSH EAX\n PUSH EAX\n PUSH EAX\n PUSH EAX\n PUSH EAX\n PUSH EAX\n PUSH EAX\n PUSH EAX\n PUSH EAX\n PUSH EAX\n PUSH EAX\n PUSH EAX\n PUSH EAX\n PUSH EAX\n,"PUSH EAX\n PUSH EAX\n PUSH EAX\n PUSH EAX\n PUSH EAX\n XCHG ESI, ESI\n PUSH EAX\n PUSH EAX\n PUSH EAX\n PUSH EAX\n PUSH EAX\n PUSH EAX\n PUSH EAX\n PUSH EAX\n PUSH EAX\n NOP\n NOP\n PUSH EAX\n MOV ECX, ECX\n PUSH EAX\n MOV EBX, EBX\n PUSH EAX\n PUSH EAX\n PUSH EAX\n PUSH EAX\n",Dead Code
"MOV EBX,ESP\n SUB ESP,8\n AND ESP,FFFFFFF8\n PUSH EBP\n MOV EBP,DWORD PTR DS:[EBX+4]\n MOV DWORD PTR SS:[ESP+4],EBP\n MOV EBP,ESP\n SUB ESP,18\n PUSH ESI\n MOV ESI,ECX\n PUSH EDI\n CMP DWORD PTR DS:[ESI+A8],0\n MOV EAX,DWORD PTR DS:[ESI+C]\n MOV EAX,DWORD PTR DS:[EAX+1F8]\n MOV DWORD PTR SS:[EBP-4],EAX\n PUSH 4\n MOV ECX,EAX\n PUSH DWORD PTR SS:[EBP-4]\n MOV ECX,EAX\n MOV DWORD PTR DS:[ESI+A8],EAX\n","MOV EBX,ESP\n SUB ESP,8\n MOV EDX, EDX\n AND ESP,FFFFFFF8\n ADD ECX, 0\n PUSH EBP\n MOV EBX, EBX\n MOV EBP,DWORD PTR DS:[EBX+4]\n MOV DWORD PTR SS:[ESP+4],EBP\n XCHG ECX, ECX\n MOV EBP,ESP\n LEA EBX, [EBX]\n SUB ESP,18\n PUSH ESI\n LEA EBX, [EBX]\n MOV ESI,ECX\n PUSH EDI\n XCHG EDI, EDI\n CMP DWORD PTR DS:[ESI+A8],0\n XCHG EDX, EDX\n MOV EAX,DWORD PTR DS:[ESI+C]\n SUB EBX, 0\n MOV EAX,DWORD PTR DS:[EAX+1F8]\n MOV DWORD PTR SS:[EBP-4],EAX\n PUSH 4\n MOV ECX,EAX\n PUSHFD\n POPFD\n PUSH DWORD PTR SS:[EBP-4]\n MOV ECX,EAX\n MOV DWORD PTR DS:[ESI+A8],EAX\n",Dead Code
"MOV EDX,DWORD PTR DS:[EAX+1F4]\n MOV EAX,DWORD PTR DS:[EAX+9C]\n MOV DWORD PTR SS:[EBP-10],EDX\n MOV DWORD PTR SS:[EBP-4],EAX\n TEST EDI,EDI\n MOV DWORD PTR SS:[EBP-14],0FFFF\n MOV EAX,DWORD PTR DS:[ECX+14]\n MOV ECX,ESI\n SHL ECX,4\n MOVZX EAX,AX\n CMP AX,WORD PTR SS:[EBP-14]\n MOV EAX,DWORD PTR DS:[EBX+4]\n MOVZX EDX,WORD PTR DS:[ECX+4]\n MOV EDI,DWORD PTR SS:[EBP-4]\n MOV EAX,DWORD PTR DS:[EAX+18]\n MOV DWORD PTR SS:[EBP-18],EAX\n MOVZX EAX,WORD PTR DS:[EAX+E]\n CMP EDX,EAX\n SUB EDX,EAX\n MOV EAX,DWORD PTR DS:[EBX+8]\n","MOV EDX,DWORD PTR DS:[EAX+1F4]\n MOV EAX,DWORD PTR DS:[EAX+9C]\n MOV DWORD PTR SS:[EBP-10],EDX\n MOV DWORD PTR SS:[EBP-4],EAX\n TEST EDI,EDI\n MOV DWORD PTR SS:[EBP-14],0FFFF\n MOV EAX,DWORD PTR DS:[ECX+14]\n MOV ECX,ESI\n SHL ECX,4\n MOVZX EAX,AX\n CMP AX,WORD PTR SS:[EBP-14]\n MOV EAX,DWORD PTR DS:[EBX+4]\n MOVZX EDX,WORD PTR DS:[ECX+4]\n MOV EDI,DWORD PTR SS:[EBP-4]\n MOV EAX,DWORD PTR DS:[EAX+18]\n MOV DWORD PTR SS:[EBP-18],EAX\n MOVZX EAX,WORD PTR DS:[EAX+E]\n CMP EDX,EAX\n ADD EDX, 0\n SUB EDX,EAX\n MOV EAX,DWORD PTR DS:[EBX+8]\n XCHG ECX, ECX\n",Dead Code
"PUSH EAX\n PUSH EAX\n PUSH EAX\n PUSH EDI\n PUSH EAX\n PUSH EAX\n SUB ESI,EAX\n PUSH EAX\n MOV EDX,ESI\n PUSH EAX\n PUSH EDI\n MOV EDX,EDI\n PUSH EAX\n MOV ECX,EBX\n PUSH ESI\n PUSH EAX\n PUSH EDI\n PUSH EAX\n PUSH EAX\n PUSH EAX\n","PUSH EAX\n PUSH EAX\n PUSH EBX\n POP EBX\n PUSH EAX\n PUSH EDI\n PUSH EAX\n PUSH EAX\n SUB ESI,EAX\n PUSH EAX\n MOV EDX,ESI\n PUSH EAX\n PUSH EDI\n MOV EDX,EDI\n PUSH EAX\n PUSHAD\n POPAD\n MOV ECX,EBX\n PUSH ESI\n PUSH EAX\n PUSH EDI\n PUSH EAX\n PUSH EAX\n PUSHFD\n POPFD\n PUSH EAX\n MOV EDI, EDI\n",Dead Code
"PUSH ECX\n MOV ECX,EBX\n XOR ESI,ESI\n MOV DWORD PTR DS:[EBX+70],ESI\n MOV ECX,DWORD PTR DS:[EDI+8C]\n TEST ECX,ECX\n MOV EAX,DWORD PTR DS:[ECX]\n PUSH ECX\n MOV ESI,DWORD PTR DS:[EAX+8]\n MOV ECX,ESI\n XOR ESI,ESI\n MOV DWORD PTR DS:[EDI+8C],ESI\n MOV EAX,DWORD PTR DS:[EDI+90]\n TEST EAX,EAX\n PUSH EAX\n POP ECX\n MOV DWORD PTR DS:[EDI+90],ESI\n MOV EAX,DWORD PTR DS:[EDI+94]\n TEST EAX,EAX\n PUSH EAX\n","PUSH ECX\n ADD ECX, 0\n MOV ECX,EBX\n XOR ESI,ESI\n MOV ESI, ESI\n MOV DWORD PTR DS:[EBX+70],ESI\n MOV ECX,DWORD PTR DS:[EDI+8C]\n TEST ECX,ECX\n MOV EAX,DWORD PTR DS:[ECX]\n PUSH ECX\n MOV ESI,DWORD PTR DS:[EAX+8]\n MOV ECX,ESI\n XCHG EDX, EDX\n XOR ESI,ESI\n MOV DWORD PTR DS:[EDI+8C],ESI\n MOV EAX,DWORD PTR DS:[EDI+90]\n ADD ECX, ECX\n SUB ECX, ECX\n TEST EAX,EAX\n PUSH EAX\n POP ECX\n MOV DWORD PTR DS:[EDI+90],ESI\n MOV EAX,DWORD PTR DS:[EDI+94]\n PUSHFD\n POPFD\n TEST EAX,EAX\n PUSH EAX\n PUSHF\n POPF\n",Dead Code
"PUSH EAX\n PUSH ECX\n PUSH ECX\n STP QWORD PTR SS:[ESP]\n LEA EAX,DWORD PTR SS:[ESP+28]\n PUSH EAX\n LEA EAX,DWORD PTR SS:[ESP+78]\n PUSH EAX\n MOV EAX,DWORD PTR DS:[ESI+C]\n XOR ECX,ECX\n MOV EDX,DWORD PTR DS:[ESI]\n PUSH EDI\n PUSH DWORD PTR SS:[ESP+30]\n PUSH DWORD PTR SS:[ESP+30]\n PUSH EAX\n PUSH DWORD PTR SS:[ESP+50]\n LEA EAX,DWORD PTR SS:[ESP+58]\n PUSH EAX\n MOV EDI,DWORD PTR SS:[ESP+1C]\n MOV ECX,DWORD PTR DS:[EBX+30]\n","PUSH EAX\n PUSH ECX\n PUSH ECX\n STP QWORD PTR SS:[ESP]\n LEA EAX,DWORD PTR SS:[ESP+28]\n NOP\n NOP\n PUSH EAX\n XCHG EDI, EDI\n LEA EAX,DWORD PTR SS:[ESP+78]\n ADD EDX, 0\n PUSH EAX\n MOV EDI, EDI\n MOV EAX,DWORD PTR DS:[ESI+C]\n XOR ECX,ECX\n MOV EDX,DWORD PTR DS:[ESI]\n PUSH EDI\n PUSH DWORD PTR SS:[ESP+30]\n ADD EBX, 0\n PUSH DWORD PTR SS:[ESP+30]\n ADD EAX, EAX\n SUB EAX, EAX\n PUSH EAX\n PUSH DWORD PTR SS:[ESP+50]\n LEA EAX, [EAX]\n LEA EAX,DWORD PTR SS:[ESP+58]\n PUSH EAX\n PUSH ESI\n POP ESI\n MOV EDI,DWORD PTR SS:[ESP+1C]\n MOV ECX,DWORD PTR DS:[EBX+30]\n NOP\n",Dead Code
"MOV EDI,EAX\n MOV DWORD PTR SS:[EBP-10],EDI\n TEST EDI,EDI\n CMP DWORD PTR SS:[EBP-4],0\n MOV EAX,DWORD PTR SS:[EBP-8]\n MOV EDI,DWORD PTR DS:[EAX+4]\n LEA EAX,DWORD PTR SS:[EBP-4]\n PUSH EAX\n MOV EDX,DWORD PTR DS:[EDI]\n MOV ESI,DWORD PTR DS:[EDX+C]\n MOV ECX,ESI\n MOV ECX,EDI\n MOV EDI,DWORD PTR SS:[EBP-10]\n MOV ECX,DWORD PTR SS:[EBP-8]\n MOV EAX,EDI\n AND DWORD PTR DS:[ECX+8],0\n MOV ECX,DWORD PTR SS:[EBP-C]\n INC ECX\n MOV DWORD PTR SS:[EBP-C],ECX\n CMP ECX,DWORD PTR DS:[EBX+1A8]\n","MOV EDI,EAX\n MOV DWORD PTR SS:[EBP-10],EDI\n MOV ECX, 1\n MOV ECX, 0\n TEST EDI,EDI\n CMP DWORD PTR SS:[EBP-4],0\n PUSH EBP\n POP EBP\n MOV EAX,DWORD PTR SS:[EBP-8]\n MOV EDI,DWORD PTR DS:[EAX+4]\n XCHG EDI, EDI\n LEA EAX,DWORD PTR SS:[EBP-4]\n XCHG ESI, ESI\n PUSH EAX\n ADD ECX, ECX\n SUB ECX, ECX\n MOV EDX,DWORD PTR DS:[EDI]\n PUSH EDI\n POP EDI\n MOV ESI,DWORD PTR DS:[EDX+C]\n MOV ECX,ESI\n MOV ECX,EDI\n MOV EDI,DWORD PTR SS:[EBP-10]\n ADD ECX, 0\n MOV ECX,DWORD PTR SS:[EBP-8]\n MOV EAX,EDI\n MOV EDX, 1\n MOV EDX, 0\n AND DWORD PTR DS:[ECX+8],0\n MOV ECX,DWORD PTR SS:[EBP-C]\n INC ECX\n PUSHF\n POPF\n MOV DWORD PTR SS:[EBP-C],ECX\n CMP ECX,DWORD PTR DS:[EBX+1A8]\n PUSH ESI\n POP ESI\n",Dead Code
"MOV EAX,DWORD PTR DS:[ECX]\n PUSH ECX\n MOV ESI,DWORD PTR DS:[EAX+8]\n MOV ECX,ESI\n MOV EAX,DWORD PTR SS:[ESP+5C]\n MOV DWORD PTR SS:[ESP+1C],EAX\n MOV EDI,DWORD PTR SS:[ESP+10]\n MOV ECX,DWORD PTR SS:[ESP+5C]\n TEST ECX,ECX\n MOV EAX,DWORD PTR DS:[ECX]\n PUSH ECX\n MOV ESI,DWORD PTR DS:[EAX+8]\n MOV ECX,ESI\n MOV DWORD PTR SS:[ESP+5C],EBX\n MOV ECX,DWORD PTR SS:[ESP+1C]\n TEST ECX,ECX\n MOV EAX,DWORD PTR DS:[ECX]\n PUSH ECX\n MOV ESI,DWORD PTR DS:[EAX+8]\n MOV ECX,ESI\n","MOV EAX,DWORD PTR DS:[ECX]\n PUSH ECX\n MOV ESI,DWORD PTR DS:[EAX+8]\n SUB EDX, 0\n MOV ECX,ESI\n MOV EAX,DWORD PTR SS:[ESP+5C]\n MOV DWORD PTR SS:[ESP+1C],EAX\n MOV EDI,DWORD PTR SS:[ESP+10]\n MOV ECX,DWORD PTR SS:[ESP+5C]\n TEST ECX,ECX\n MOV ECX, 1\n MOV ECX, 0\n MOV EAX,DWORD PTR DS:[ECX]\n PUSH ECX\n MOV ESI,DWORD PTR DS:[EAX+8]\n MOV ECX,ESI\n MOV DWORD PTR SS:[ESP+5C],EBX\n MOV ECX,DWORD PTR SS:[ESP+1C]\n TEST ECX,ECX\n MOV EAX,DWORD PTR DS:[ECX]\n PUSH ECX\n MOV ESI,DWORD PTR DS:[EAX+8]\n PUSHAD\n POPAD\n MOV ECX,ESI\n",Dead Code
"MOV EAX,DWORD PTR DS:[EAX+18]\n MOV ECX,251\n CMP WORD PTR DS:[EAX+C],CX\n CMP BYTE PTR DS:[EDX+1B],0\n MOV EAX,DWORD PTR SS:[EBP-24]\n MOV ECX,DWORD PTR DS:[EAX+4]\n MOV DWORD PTR SS:[EBP-14],ECX\n MOV EAX,1CC\n CMP SI,AX\n MOV EAX,DWORD PTR DS:[ECX+8]\n TEST EAX,EAX\n CMP DWORD PTR DS:[EAX+4],0\n MOV AX,WORD PTR DS:[ECX]\n MOV EDX,0FF37\n AND AX,DX\n CMP AX,20\n MOV EAX,DWORD PTR DS:[ECX+4]\n SUB EAX,1\n SUB EAX,3\n MOV EAX,DWORD PTR DS:[ECX+C]\n","MOV EAX,DWORD PTR DS:[EAX+18]\n MOV ECX,251\n CMP WORD PTR DS:[EAX+C],CX\n ADD EDX, 0\n CMP BYTE PTR DS:[EDX+1B],0\n MOV EAX,DWORD PTR SS:[EBP-24]\n MOV ECX,DWORD PTR DS:[EAX+4]\n MOV DWORD PTR SS:[EBP-14],ECX\n MOV EAX,1CC\n LEA EAX, [EAX]\n CMP SI,AX\n MOV EAX,DWORD PTR DS:[ECX+8]\n TEST EAX,EAX\n CMP DWORD PTR DS:[EAX+4],0\n MOV AX,WORD PTR DS:[ECX]\n MOV EDX,0FF37\n AND AX,DX\n MOV EBX, EBX\n CMP AX,20\n MOV EAX,DWORD PTR DS:[ECX+4]\n SUB EAX,1\n PUSH EBP\n POP EBP\n SUB EAX,3\n MOV EAX,DWORD PTR DS:[ECX+C]\n",Dead Code
"CMP DX,AX\n PUSH 5\n PUSH ESI\n TEST EAX,EAX\n PUSH EDI\n PUSH ESI\n POP ECX\n POP ECX\n TEST EAX,EAX\n PUSH 23\n PUSH ESI\n MOV DWORD PTR SS:[EBP-C],1\n POP ECX\n POP ECX\n TEST EAX,EAX\n MOV EDI,EAX\n SUB EDI,ESI\n MOV ECX,EDI\n SAR ECX,1\n CMP ECX,4\n","CMP DX,AX\n PUSH 5\n SUB EDX, 0\n PUSH ESI\n MOV ESI, ESI\n TEST EAX,EAX\n NOP\n PUSH EDI\n PUSH ESI\n POP ECX\n POP ECX\n TEST EAX,EAX\n PUSH ESI\n POP ESI\n PUSH 23\n PUSH ESI\n XCHG EBX, EBX\n MOV DWORD PTR SS:[EBP-C],1\n NOP\n POP ECX\n POP ECX\n PUSHF\n POPF\n TEST EAX,EAX\n MOV EDI,EAX\n SUB EDI,ESI\n MOV ECX,EDI\n SAR ECX,1\n CMP ECX,4\n",Dead Code
"LEA EAX,DWORD PTR SS:[ESP+28]\n PUSH EAX\n LEA EAX,DWORD PTR SS:[EBP+C]\n PUSH EAX\n TEST BYTE PTR SS:[EBP+14],1\n PUSH 0\n MOV ECX,ESI\n MOV EAX,DWORD PTR SS:[ESP+20]\n PUSH EAX\n PUSH DWORD PTR SS:[ESP+18]\n MOV ECX,DWORD PTR DS:[EAX+4]\n PUSH DWORD PTR SS:[EBP+14]\n MOV DWORD PTR SS:[ESP+28],ECX\n PUSH EDI\n MOV ECX,DWORD PTR SS:[ESP+14]\n TEST AL,AL\n PUSH DWORD PTR SS:[EBP+10]\n MOV EDI,DWORD PTR SS:[ESP+28]\n MOV ECX,ESI\n MOVZX EDX,DI\n","LEA EAX,DWORD PTR SS:[ESP+28]\n PUSH EAX\n ADD EBX, EBX\n SUB EBX, EBX\n LEA EAX,DWORD PTR SS:[EBP+C]\n PUSH EAX\n TEST BYTE PTR SS:[EBP+14],1\n LEA EDX, [EDX]\n PUSH 0\n MOV ECX,ESI\n MOV EAX,DWORD PTR SS:[ESP+20]\n PUSH EAX\n ADD ECX, ECX\n SUB ECX, ECX\n PUSH DWORD PTR SS:[ESP+18]\n MOV ECX,DWORD PTR DS:[EAX+4]\n PUSH DWORD PTR SS:[EBP+14]\n MOV DWORD PTR SS:[ESP+28],ECX\n PUSH ECX\n POP ECX\n PUSH EDI\n MOV ECX,DWORD PTR SS:[ESP+14]\n TEST AL,AL\n PUSH DWORD PTR SS:[EBP+10]\n MOV EDI,DWORD PTR SS:[ESP+28]\n MOV ECX,ESI\n MOV ESI, ESI\n MOVZX EDX,DI\n MOV EDX, 1\n MOV EDX, 0\n",Dead Code
"PUSH DWORD PTR DS:[EAX+10]\n PUSH 15\n POP ECX\n MOV BYTE PTR SS:[EBP-4],2\n LEA ECX,DWORD PTR SS:[EBP-234]\n LEA EAX,DWORD PTR SS:[EBP-228]\n PUSH EAX\n PUSH DWORD PTR DS:[ESI+C]\n PUSH EAX\n LEA ECX,DWORD PTR SS:[EBP-25C]\n LEA ECX,DWORD PTR SS:[EBP-25C]\n TEST AL,AL\n PUSH 8000FFFF\n LEA ECX,DWORD PTR SS:[EBP-25C]\n MOV ECX,EAX\n MOV BYTE PTR SS:[EBP-4],3\n MOV DWORD PTR SS:[EBP-240],EBX\n MOV DWORD PTR SS:[EBP-23C],EBX\n MOV DWORD PTR SS:[EBP-238],EBX\n LEA ECX,DWORD PTR SS:[EBP-248]\n","PUSH DWORD PTR DS:[EAX+10]\n ADD ECX, ECX\n SUB ECX, ECX\n PUSH 15\n MOV EAX, EAX\n POP ECX\n LEA EDX, [EDX]\n MOV BYTE PTR SS:[EBP-4],2\n ADD EDX, EDX\n SUB EDX, EDX\n LEA ECX,DWORD PTR SS:[EBP-234]\n LEA EAX,DWORD PTR SS:[EBP-228]\n PUSH EAX\n PUSH DWORD PTR DS:[ESI+C]\n XCHG EDX, EDX\n PUSH EAX\n LEA ECX,DWORD PTR SS:[EBP-25C]\n LEA ECX,DWORD PTR SS:[EBP-25C]\n TEST AL,AL\n XCHG ECX, ECX\n PUSH 8000FFFF\n LEA ECX,DWORD PTR SS:[EBP-25C]\n ADD EBX, 0\n MOV ECX,EAX\n MOV BYTE PTR SS:[EBP-4],3\n MOV DWORD PTR SS:[EBP-240],EBX\n LEA ECX, [ECX]\n MOV DWORD PTR SS:[EBP-23C],EBX\n MOV DWORD PTR SS:[EBP-238],EBX\n LEA ECX,DWORD PTR SS:[EBP-248]\n",Dead Code
"LEA EDX,DWORD PTR SS:[EBP-14]\n PUSH EDI\n MOV EDI,DWORD PTR SS:[EBP+C]\n MOV DWORD PTR SS:[EBP-18],EAX\n LEA EAX,DWORD PTR SS:[EBP-C]\n PUSH EAX\n SAR ECX,2\n PUSH EAX\n LEA EAX,DWORD PTR SS:[EBP-8]\n MOV DWORD PTR SS:[EBP-14],ECX\n PUSH EAX\n LEA ECX,DWORD PTR SS:[EBP-18]\n MOV ESI,EAX\n TEST ESI,ESI\n PUSH ECX\n PUSH 1D\n XOR EDX,EDX\n MOV ECX,ESI\n INC EDX\n MOV ECX,DWORD PTR SS:[EBP-8]\n","LEA EDX,DWORD PTR SS:[EBP-14]\n PUSH EDI\n PUSH EBX\n POP EBX\n MOV EDI,DWORD PTR SS:[EBP+C]\n MOV DWORD PTR SS:[EBP-18],EAX\n LEA EAX,DWORD PTR SS:[EBP-C]\n SUB EBX, 0\n PUSH EAX\n SAR ECX,2\n PUSH EAX\n LEA EAX,DWORD PTR SS:[EBP-8]\n XCHG EBX, EBX\n MOV DWORD PTR SS:[EBP-14],ECX\n SUB EDX, 0\n PUSH EAX\n LEA ECX,DWORD PTR SS:[EBP-18]\n MOV ESI,EAX\n TEST ESI,ESI\n PUSH ECX\n PUSH 1D\n XOR EDX,EDX\n MOV ECX,ESI\n INC EDX\n MOV ECX,DWORD PTR SS:[EBP-8]\n",Dead Code
"TEST EDI,EDI\n CMP DWORD PTR SS:[EBP-24],EDI\n PUSH DWORD PTR SS:[EBP-24]\n POP ECX\n RETN 4\n PUSH 38\n MOV ESI,ECX\n MOV DWORD PTR SS:[EBP-10],ESI\n MOV EBX,DWORD PTR SS:[EBP+8]\n TEST EBX,EBX\n LEA ECX,DWORD PTR SS:[EBP-44]\n MOV EAX,ECX\n XOR EDI,EDI\n MOV DWORD PTR SS:[EBP-4],EDI\n MOV ECX,EBX\n PUSH EAX\n MOV DWORD PTR SS:[EBP-24],1\n INC WORD PTR DS:[EBX+3E]\n LEA EAX,DWORD PTR SS:[EBP-44]\n PUSH EAX\n","TEST EDI,EDI\n MOV ECX, 1\n MOV ECX, 0\n CMP DWORD PTR SS:[EBP-24],EDI\n MOV EBX, EBX\n PUSH DWORD PTR SS:[EBP-24]\n POP ECX\n RETN 4\n PUSH 38\n NOP\n NOP\n MOV ESI,ECX\n MOV DWORD PTR SS:[EBP-10],ESI\n MOV EBX,DWORD PTR SS:[EBP+8]\n TEST EBX,EBX\n LEA ECX,DWORD PTR SS:[EBP-44]\n MOV EAX,ECX\n PUSHFD\n POPFD\n XOR EDI,EDI\n MOV DWORD PTR SS:[EBP-4],EDI\n MOV ECX,EBX\n XCHG EBX, EBX\n PUSH EAX\n MOV DWORD PTR SS:[EBP-24],1\n INC WORD PTR DS:[EBX+3E]\n XCHG ESI, ESI\n LEA EAX,DWORD PTR SS:[EBP-44]\n PUSH EAX\n",Dead Code
,,
"MOV DWORD PTR SS:[ESP+14],EAX\n SUB ECX,1\n SUB ECX,1\n SUB ECX,1\n CMP BYTE PTR DS:[ESI+19],CL\n MOV EDX,DWORD PTR SS:[ESP+C]\n MOV ESI,DWORD PTR DS:[EDI+4]\n PUSH ECX\n MOV ECX,EDI\n MOV EDX,DWORD PTR DS:[EDX+10]\n PUSH 1\n PUSH EAX\n PUSH DWORD PTR SS:[ESP+14]\n MOV ECX,ESI\n MOV ESI,DWORD PTR SS:[ESP+C]\n MOV EDX,DWORD PTR DS:[ESI+10]\n MOV ECX,EDI\n PUSH 0\n MOV ECX,DWORD PTR SS:[ESP+14]\n MOV EDX,DWORD PTR DS:[ESI+10]\n","MOV DWORD PTR SS:[ESP+14],EAX\n SUB ECX,1\n SUB ECX,1\n SUB ECX,1\n CMP BYTE PTR DS:[ESI+19],CL\n MOV ECX,DWORD PTR SS:[ESP+C]\n MOV EDI,DWORD PTR DS:[EDI+4]\n PUSH EDX\n MOV EDX,ESI\n MOV ECX,DWORD PTR DS:[ECX+10]\n PUSH 1\n PUSH EBX\n PUSH DWORD PTR SS:[ESP+14]\n MOV EDX,EDI\n MOV EDI,DWORD PTR SS:[ESP+C]\n MOV ECX,DWORD PTR DS:[ESI+10]\n MOV EDX,ESI\n PUSH 0\n MOV EDX,DWORD PTR SS:[ESP+14]\n MOV ECX,DWORD PTR DS:[ESI+10]\n",Register Substitution
"PUSH DWORD PTR DS:[EDI+4]\n MOVZX EAX,BYTE PTR DS:[EDI+8]\n PUSH EAX\n MOV ESI,DWORD PTR DS:[EDI]\n PUSH 1C\n PUSH EDI\n MOV EDI,ESI\n POP ECX\n POP ECX\n TEST ESI,ESI\n POP ESI\n POP EDI\n RETN\n MOV EDI,EDI\n PUSH EBP\n MOV EBP,ESP\n PUSH ESI\n PUSH EDI\n PUSH 1C\n XOR EDI,EDI\n","PUSH DWORD PTR DS:[EDI+4]\n MOVZX EBX,BYTE PTR DS:[EDI+8]\n PUSH EBX\n MOV EDI,DWORD PTR DS:[EDI]\n PUSH 1C\n PUSH ESI\n MOV EDI,EDI\n POP ECX\n POP ECX\n TEST ESI,ESI\n POP ESI\n POP EDI\n RETN\n MOV ESI,ESI\n PUSH ESP\n MOV EBP,EBP\n PUSH EDI\n PUSH ESI\n PUSH 1C\n XOR EDI,EDI\n",Register Substitution
"MOV ESI,DWORD PTR DS:[EAX]\n MOV EAX,DWORD PTR SS:[EBP-14]\n TEST EAX,EAX\n PUSH EAX\n TEST ESI,ESI\n PUSH ECX\n PUSH 17\n PUSH ECX\n XOR EDX,EDX\n MOV ECX,ESI\n MOV ECX,DWORD PTR SS:[EBP-8]\n LEA EAX,DWORD PTR SS:[EBP-C]\n LEA EDX,DWORD PTR SS:[EBP-1C]\n MOV DWORD PTR SS:[EBP-14],EAX\n MOV DWORD PTR SS:[EBP-1C],EAX\n LEA EAX,DWORD PTR SS:[EBP-14]\n PUSH EAX\n MOV ESI,EAX\n TEST ESI,ESI\n PUSH ECX\n","MOV EDI,DWORD PTR DS:[EAX]\n MOV EBX,DWORD PTR SS:[EBP-14]\n TEST EAX,EAX\n PUSH EBX\n TEST ESI,ESI\n PUSH EDX\n PUSH 17\n PUSH EDX\n XOR EDX,EDX\n MOV EDX,EDI\n MOV EDX,DWORD PTR SS:[EBP-8]\n LEA EBX,DWORD PTR SS:[EBP-C]\n LEA ECX,DWORD PTR SS:[EBP-1C]\n MOV DWORD PTR SS:[EBP-14],EAX\n MOV DWORD PTR SS:[EBP-1C],EAX\n LEA EBX,DWORD PTR SS:[EBP-14]\n PUSH EBX\n MOV EDI,EBX\n TEST ESI,ESI\n PUSH EDX\n",Register Substitution
"TEST ESI,ESI\n PUSH ECX\n PUSH ECX\n MOV ECX,DWORD PTR DS:[EDI+14]\n PUSH ESI\n POP EDI\n MOV EAX,ESI\n POP ESI\n POP EBX\n POP EBP\n RETN 4\n MOV ECX,DWORD PTR DS:[EDI+14]\n PUSH ECX\n PUSH EBX\n PUSH DWORD PTR SS:[EBP+8]\n PUSH 10\n PUSH EDI\n PUSH ECX\n MOV ESI,EAX\n PUSH 10\n","TEST ESI,ESI\n PUSH EDX\n PUSH EDX\n MOV EDX,DWORD PTR DS:[EDI+14]\n PUSH EDI\n POP EDI\n MOV EBX,EDI\n POP ESI\n POP EBX\n POP EBP\n RETN 4\n MOV EDX,DWORD PTR DS:[EDI+14]\n PUSH EDX\n PUSH EAX\n PUSH DWORD PTR SS:[EBP+8]\n PUSH 10\n PUSH ESI\n PUSH EDX\n MOV EDI,EBX\n PUSH 10\n",Register Substitution
"MOV ECX,DWORD PTR SS:[EBP+C]\n XOR EAX,EAX\n E   MOV WORD PTR DS:[ECX+ESI*2-2],AX\n MOV DWORD PTR DS:[EBX],ESI\n LEA ECX,DWORD PTR SS:[EBP-4]\n MOV EAX,EDI\n POP EDI\n POP ESI\n POP EBX\n LEAVE\n RETN 0C\n MOV EDI,EDI\n PUSH EBP\n MOV EBP,ESP\n SUB ESP,10\n MOV EAX,DWORD PTR DS:[7567B684]\n XOR EAX,EBP\n MOV DWORD PTR SS:[EBP-4],EAX\n PUSH EBX\n MOV EBX,DWORD PTR SS:[EBP+C]\n","MOV EDX,DWORD PTR SS:[EBP+C]\n XOR EAX,EAX\n E   MOV WORD PTR DS:[ECX+ESI*2-2],AX\n MOV DWORD PTR DS:[EBX],ESI\n LEA EDX,DWORD PTR SS:[EBP-4]\n MOV EBX,ESI\n POP EDI\n POP ESI\n POP EBX\n LEAVE\n RETN 0C\n MOV ESI,ESI\n PUSH ESP\n MOV EBP,EBP\n SUB ESP,10\n MOV EBX,DWORD PTR DS:[7567B684]\n XOR EAX,EBP\n MOV DWORD PTR SS:[EBP-4],EAX\n PUSH EAX\n MOV EAX,DWORD PTR SS:[EBP+C]\n",Register Substitution
"PUSH ESI\n MOV ESI,DWORD PTR DS:[EBX+8]\n PUSH ESI\n PUSH EAX\n POP ESI\n POP EDI\n POP EBX\n RETN\n MOV EDI,EDI\n PUSH EBP\n MOV EBP,ESP\n XOR EAX,EBP\n MOV DWORD PTR SS:[EBP-4],EAX\n XOR EDX,EDX\n MOV EAX,DWORD PTR SS:[EBP+C]\n INC EDX\n MOV ECX,DWORD PTR SS:[EBP+8]\n PUSH ESI\n PUSH EDI\n MOVS DWORD PTR ES:[EDI],DWORD PTR DS:[ES\n","PUSH EDI\n MOV EDI,DWORD PTR DS:[EBX+8]\n PUSH EDI\n PUSH EBX\n POP ESI\n POP EDI\n POP EBX\n RETN\n MOV ESI,ESI\n PUSH ESP\n MOV EBP,EBP\n XOR EAX,EBP\n MOV DWORD PTR SS:[EBP-4],EAX\n XOR EDX,EDX\n MOV EBX,DWORD PTR SS:[EBP+C]\n INC EDX\n MOV EDX,DWORD PTR SS:[EBP+8]\n PUSH EDI\n PUSH ESI\n MOVS DWORD PTR ES:[EDI],DWORD PTR DS:[ES\n",Register Substitution
"LEA ECX,DWORD PTR DS:[EBX+20]\n MOV EDI,EAX\n MOV EAX,DWORD PTR SS:[EBP-18]\n MOV EAX,DWORD PTR DS:[EAX+4]\n MOV DWORD PTR SS:[EBP-14],EAX\n RETN\n MOV EDI,DWORD PTR SS:[EBP-14]\n MOV EAX,EDI\n RETN 8\n PUSH 10\n MOV EBX,ECX\n MOV EAX,DWORD PTR DS:[EBX]\n XOR EDI,EDI\n INC EDI\n MOV ESI,DWORD PTR DS:[EAX]\n MOV ECX,ESI\n MOV ECX,EBX\n CMP EAX,DWORD PTR SS:[EBP+C]\n MOV ESI,DWORD PTR SS:[EBP+8]\n LEA EDX,DWORD PTR DS:[EBX+8]\n","LEA EDX,DWORD PTR DS:[EBX+20]\n MOV ESI,EBX\n MOV EBX,DWORD PTR SS:[EBP-18]\n MOV EBX,DWORD PTR DS:[EBX+4]\n MOV DWORD PTR SS:[EBP-14],EAX\n RETN\n MOV ESI,DWORD PTR SS:[EBP-14]\n MOV EBX,ESI\n RETN 8\n PUSH 10\n MOV EAX,EDX\n MOV EBX,DWORD PTR DS:[EBX]\n XOR EDI,EDI\n INC EDI\n MOV EDI,DWORD PTR DS:[EAX]\n MOV EDX,EDI\n MOV EDX,EAX\n CMP EBX,DWORD PTR SS:[EBP+C]\n MOV EDI,DWORD PTR SS:[EBP+8]\n LEA ECX,DWORD PTR DS:[EBX+8]\n",Register Substitution
"PUSH EDI\n MOV EAX,DWORD PTR SS:[EBP-4]\n OR DWORD PTR DS:[EAX+94],40\n MOV EAX,DWORD PTR SS:[EBP-14]\n TEST BYTE PTR DS:[EAX+29],1\n PUSH ESI\n PUSH EDI\n MOV ECX,EAX\n MOV EAX,DWORD PTR SS:[EBP-4]\n OR DWORD PTR DS:[EAX+94],40\n MOV ECX,DWORD PTR DS:[EBX+34]\n MOV EDX,EDI\n MOV ECX,DWORD PTR DS:[EBX+30]\n MOV EDX,EDI\n MOV ESI,DWORD PTR SS:[EBP-4]\n CMP DWORD PTR DS:[EBX+50],0\n TEST BYTE PTR DS:[ESI+94],82\n CMP DWORD PTR DS:[EDI+E4],0\n TEST DWORD PTR DS:[EDI+8],404\n MOV EAX,DWORD PTR DS:[EDI+C]\n","PUSH ESI\n MOV EBX,DWORD PTR SS:[EBP-4]\n OR DWORD PTR DS:[EAX+94],40\n MOV EBX,DWORD PTR SS:[EBP-14]\n TEST BYTE PTR DS:[EAX+29],1\n PUSH EDI\n PUSH ESI\n MOV EDX,EBX\n MOV EBX,DWORD PTR SS:[EBP-4]\n OR DWORD PTR DS:[EAX+94],40\n MOV EDX,DWORD PTR DS:[EBX+34]\n MOV ECX,ESI\n MOV EDX,DWORD PTR DS:[EBX+30]\n MOV ECX,ESI\n MOV EDI,DWORD PTR SS:[EBP-4]\n CMP DWORD PTR DS:[EBX+50],0\n TEST BYTE PTR DS:[ESI+94],82\n CMP DWORD PTR DS:[EDI+E4],0\n TEST DWORD PTR DS:[EDI+8],404\n MOV EBX,DWORD PTR DS:[EDI+C]\n",Register Substitution
"MOV EDX,EBX\n MOV EDX,DWORD PTR SS:[EBP+C]\n POP ECX\n MOV EDI,ESP\n REP MOVS DWORD PTR ES:[EDI],DWORD PTR DS\n MOV ECX,DWORD PTR SS:[EBP-4]\n PUSH EBX\n MOV ESI,DWORD PTR SS:[EBP-8]\n POP EDI\n MOV EAX,ESI\n POP ESI\n POP EBX\n LEAVE\n MOV EDI,EDI\n PUSH EBP\n MOV EBP,ESP\n PUSH EBX\n PUSH ESI\n MOV ESI,ECX\n MOV EBX,EDX\n","MOV ECX,EAX\n MOV ECX,DWORD PTR SS:[EBP+C]\n POP ECX\n MOV ESI,EBP\n REP MOVS DWORD PTR ES:[EDI],DWORD PTR DS\n MOV EDX,DWORD PTR SS:[EBP-4]\n PUSH EAX\n MOV EDI,DWORD PTR SS:[EBP-8]\n POP EDI\n MOV EBX,EDI\n POP ESI\n POP EBX\n LEAVE\n MOV ESI,ESI\n PUSH ESP\n MOV EBP,EBP\n PUSH EAX\n PUSH EDI\n MOV EDI,EDX\n MOV EAX,ECX\n",Register Substitution
"MOV ECX,DWORD PTR DS:[ESI]\n TEST ECX,ECX\n MOV DWORD PTR DS:[ESI],EBX\n MOV EAX,ESI\n POP ESI\n POP EBX\n LEAVE\n RETN\n MOV EDI,EDI\n PUSH EBP\n MOV EBP,ESP\n PUSH ESI\n MOV ESI,ECX\n MOV ECX,DWORD PTR DS:[ESI+18]\n TEST ECX,ECX\n TEST BYTE PTR DS:[ECX],1\n PUSH EBX\n XOR EBX,EBX\n MOV DWORD PTR DS:[ESI+18],EBX\n MOV ECX,DWORD PTR DS:[ESI+14]\n","MOV EDX,DWORD PTR DS:[ESI]\n TEST ECX,ECX\n MOV DWORD PTR DS:[ESI],EBX\n MOV EBX,EDI\n POP ESI\n POP EBX\n LEAVE\n RETN\n MOV ESI,ESI\n PUSH ESP\n MOV EBP,EBP\n PUSH EDI\n MOV EDI,EDX\n MOV EDX,DWORD PTR DS:[ESI+18]\n TEST ECX,ECX\n TEST BYTE PTR DS:[ECX],1\n PUSH EAX\n XOR EBX,EBX\n MOV DWORD PTR DS:[ESI+18],EBX\n MOV EDX,DWORD PTR DS:[ESI+14]\n",Register Substitution
"LEA ESI,DWORD PTR DS:[EBX+4C]\n CMP DWORD PTR DS:[ESI],1\n LEA EBX,DWORD PTR DS:[ESI+4]\n MOV EAX,DWORD PTR DS:[EBX]\n TEST EAX,EAX\n INC EAX\n MOV DWORD PTR DS:[EBX],EAX\n PUSH EBX\n MOV ECX,DWORD PTR SS:[EBP+8]\n LEA EAX,DWORD PTR SS:[EBP-4]\n PUSH EAX\n LEA EAX,DWORD PTR SS:[EBP+C]\n PUSH EAX\n MOV EDI,EAX\n TEST EDI,EDI\n MOV EAX,DWORD PTR SS:[EBP-4]\n TEST EAX,EAX\n MOV ECX,DWORD PTR SS:[EBP+14]\n XOR EDI,EDI\n MOV EAX,DWORD PTR DS:[EAX+8]\n","LEA EDI,DWORD PTR DS:[EBX+4C]\n CMP DWORD PTR DS:[ESI],1\n LEA EAX,DWORD PTR DS:[ESI+4]\n MOV EBX,DWORD PTR DS:[EBX]\n TEST EAX,EAX\n INC EAX\n MOV DWORD PTR DS:[EBX],EAX\n PUSH EAX\n MOV EDX,DWORD PTR SS:[EBP+8]\n LEA EBX,DWORD PTR SS:[EBP-4]\n PUSH EBX\n LEA EBX,DWORD PTR SS:[EBP+C]\n PUSH EBX\n MOV ESI,EBX\n TEST EDI,EDI\n MOV EBX,DWORD PTR SS:[EBP-4]\n TEST EAX,EAX\n MOV EDX,DWORD PTR SS:[EBP+14]\n XOR EDI,EDI\n MOV EBX,DWORD PTR DS:[EBX+8]\n",Register Substitution
"PUSH EAX\n PUSH ESI\n LEA EAX,DWORD PTR SS:[EBP-10]\n PUSH EAX\n MOV ESI,DWORD PTR SS:[EBP-10]\n MOV BYTE PTR SS:[EBP-4],4\n LEA ECX,DWORD PTR SS:[EBP-20]\n MOV EAX,DWORD PTR SS:[EBP-20]\n PUSH EAX\n PUSH DWORD PTR DS:[EAX]\n LEA EAX,DWORD PTR SS:[EBP-10]\n PUSH EAX\n PUSH DWORD PTR SS:[EBP-20]\n POP ECX\n LEA ECX,DWORD PTR SS:[EBP-2C]\n MOV DWORD PTR SS:[EBP-4],5\n LEA ECX,DWORD PTR SS:[EBP-18]\n MOV EAX,DWORD PTR SS:[EBP-18]\n PUSH EAX\n PUSH DWORD PTR DS:[EAX]\n","PUSH EBX\n PUSH EDI\n LEA EBX,DWORD PTR SS:[EBP-10]\n PUSH EBX\n MOV EDI,DWORD PTR SS:[EBP-10]\n MOV BYTE PTR SS:[EBP-4],4\n LEA EDX,DWORD PTR SS:[EBP-20]\n MOV EBX,DWORD PTR SS:[EBP-20]\n PUSH EBX\n PUSH DWORD PTR DS:[EAX]\n LEA EBX,DWORD PTR SS:[EBP-10]\n PUSH EBX\n PUSH DWORD PTR SS:[EBP-20]\n POP ECX\n LEA EDX,DWORD PTR SS:[EBP-2C]\n MOV DWORD PTR SS:[EBP-4],5\n LEA EDX,DWORD PTR SS:[EBP-18]\n MOV EBX,DWORD PTR SS:[EBP-18]\n PUSH EBX\n PUSH DWORD PTR DS:[EAX]\n",Register Substitution
"POP EBX\n LEAVE\n RETN 8\n MOV EDI,EDI\n PUSH EBP\n MOV EBP,ESP\n MOV AX,WORD PTR SS:[EBP+8]\n MOV EDX,ECX\n MOV ECX,100\n CMP AX,CX\n XOR EAX,EAX\n MOVZX ECX,AL\n MOV EAX,ECX\n AND ECX,7\n SHR EAX,3\n PUSH 0\n MOV AL,BYTE PTR DS:[EAX+EDX+12]\n TEST BYTE PTR DS:[ECX+75521114],AL\n POP EAX\n SETNE AL\n","POP EBX\n LEAVE\n RETN 8\n MOV ESI,ESI\n PUSH ESP\n MOV EBP,EBP\n MOV AX,WORD PTR SS:[EBP+8]\n MOV EDX,EDX\n MOV EDX,100\n CMP AX,CX\n XOR EAX,EAX\n MOVZX EDX,AL\n MOV EBX,EDX\n AND ECX,7\n SHR EBX,3\n PUSH 0\n MOV AL,BYTE PTR DS:[EAX+EDX+12]\n TEST BYTE PTR DS:[ECX+75521114],AL\n POP EAX\n SETNE AL\n",Register Substitution
"MOV ECX,DWORD PTR DS:[ECX+14]\n MOV ECX,EAX\n MOV DWORD PTR SS:[EBP-1C],ECX\n FMOV DWORD PTR SS:[EBP-4],-2\n TEST ECX,ECX\n MOV EAX,DWORD PTR DS:[ECX]\n PUSH EBX\n PUSH ECX\n MOV ESI,DWORD PTR DS:[EAX]\n MOV ECX,ESI\n CMP DWORD PTR DS:[EBX],EDI\n MOV EDI,EAX\n MOV EAX,EDI\n XOR EAX,EAX\n RETN\n MOV ESP,DWORD PTR SS:[EBP-18]\n FMOV DWORD PTR SS:[EBP-4],-2\n MOV ECX,DWORD PTR SS:[EBP-10]\n 0MOV DWORD PTR FS:[0],ECX\n POP ECX\n","MOV EDX,DWORD PTR DS:[EDX+14]\n MOV EDX,EBX\n MOV DWORD PTR SS:[EBP-1C],ECX\n FMOV DWORD PTR SS:[EBP-4],-2\n TEST ECX,ECX\n MOV EBX,DWORD PTR DS:[ECX]\n PUSH EAX\n PUSH EDX\n MOV EDI,DWORD PTR DS:[EAX]\n MOV EDX,EDI\n CMP DWORD PTR DS:[EBX],EDI\n MOV ESI,EBX\n MOV EBX,ESI\n XOR EAX,EAX\n RETN\n MOV EBP,DWORD PTR SS:[EBP-18]\n FMOV DWORD PTR SS:[EBP-4],-2\n MOV EDX,DWORD PTR SS:[EBP-10]\n 0MOV DWORD PTR FS:[0],ECX\n POP ECX\n",Register Substitution
"MOV BYTE PTR SS:[EBP-4],2\n PUSH DWORD PTR DS:[EAX+C]\n MOV EDX,DWORD PTR SS:[EBP+8]\n LEA ECX,DWORD PTR SS:[EBP-7C]\n PUSH DWORD PTR DS:[EAX+8]\n PUSH DWORD PTR DS:[EAX+4]\n PUSH DWORD PTR DS:[EAX]\n PUSH 0E\n PUSH DWORD PTR DS:[EDX+4]\n MOV BYTE PTR SS:[EBP-4],3\n PUSH DWORD PTR DS:[EAX+C]\n PUSH DWORD PTR DS:[EAX+8]\n PUSH DWORD PTR DS:[EAX+4]\n PUSH DWORD PTR DS:[EAX]\n PUSH ESI\n MOV EAX,DWORD PTR DS:[ESI]\n PUSH EAX\n MOV BYTE PTR SS:[EBP-4],2\n MOV BYTE PTR SS:[EBP-4],1\n MOV BYTE PTR SS:[EBP-4],0\n","MOV BYTE PTR SS:[EBP-4],2\n PUSH DWORD PTR DS:[EAX+C]\n MOV ECX,DWORD PTR SS:[EBP+8]\n LEA EDX,DWORD PTR SS:[EBP-7C]\n PUSH DWORD PTR DS:[EAX+8]\n PUSH DWORD PTR DS:[EAX+4]\n PUSH DWORD PTR DS:[EAX]\n PUSH 0E\n PUSH DWORD PTR DS:[EDX+4]\n MOV BYTE PTR SS:[EBP-4],3\n PUSH DWORD PTR DS:[EAX+C]\n PUSH DWORD PTR DS:[EAX+8]\n PUSH DWORD PTR DS:[EAX+4]\n PUSH DWORD PTR DS:[EAX]\n PUSH EDI\n MOV EBX,DWORD PTR DS:[ESI]\n PUSH EBX\n MOV BYTE PTR SS:[EBP-4],2\n MOV BYTE PTR SS:[EBP-4],1\n MOV BYTE PTR SS:[EBP-4],0\n",Register Substitution
"TEST ESI,ESI\n PUSH ESI\n POP EDI\n POP ESI\n MOV EAX,EBX\n POP EBX\n LEAVE\n RETN 8\n MOV EDI,EDI\n PUSH EBP\n MOV EBP,ESP\n PUSH ECX\n PUSH ECX\n MOV EAX,DWORD PTR SS:[EBP+8]\n LEA EDX,DWORD PTR SS:[EBP-8]\n PUSH EBX\n MOV EBX,DWORD PTR SS:[EBP+C]\n LEA ECX,DWORD PTR SS:[EBP-4]\n PUSH ESI\n XOR ESI,ESI\n","TEST ESI,ESI\n PUSH EDI\n POP EDI\n POP ESI\n MOV EAX,EAX\n POP EBX\n LEAVE\n RETN 8\n MOV ESI,ESI\n PUSH ESP\n MOV EBP,EBP\n PUSH EDX\n PUSH EDX\n MOV EBX,DWORD PTR SS:[EBP+8]\n LEA ECX,DWORD PTR SS:[EBP-8]\n PUSH EAX\n MOV EAX,DWORD PTR SS:[EBP+C]\n LEA EDX,DWORD PTR SS:[EBP-4]\n PUSH EDI\n XOR ESI,ESI\n",Register Substitution
"MOV ESP,EBP\n POP EBP\n RETN\n MOV EDI,EDI\n PUSH EBP\n MOV EBP,ESP\n PUSH EBX\n PUSH ESI\n MOV ESI,DWORD PTR SS:[EBP+8]\n LEA ECX,DWORD PTR SS:[ESP+C]\n XOR EBX,EBX\n PUSH EDI\n CMP BYTE PTR DS:[ESI-38],BL\n MOV EDX,379\n MOV ECX,DWORD PTR SS:[EBP+4]\n PUSH EBX\n CMP BYTE PTR DS:[ESI-37],BL\n MOV EDX,37A\n MOV EAX,DWORD PTR DS:[ESI+3C]\n CMP EAX,DWORD PTR SS:[EBP+C]\n","MOV ESP,ESP\n POP EBP\n RETN\n MOV ESI,ESI\n PUSH ESP\n MOV EBP,EBP\n PUSH EAX\n PUSH EDI\n MOV EDI,DWORD PTR SS:[EBP+8]\n LEA EDX,DWORD PTR SS:[ESP+C]\n XOR EBX,EBX\n PUSH ESI\n CMP BYTE PTR DS:[ESI-38],BL\n MOV ECX,379\n MOV EDX,DWORD PTR SS:[EBP+4]\n PUSH EAX\n CMP BYTE PTR DS:[ESI-37],BL\n MOV ECX,37A\n MOV EBX,DWORD PTR DS:[ESI+3C]\n CMP EBX,DWORD PTR SS:[EBP+C]\n",Register Substitution
"PUSH EAX\n PUSH DWORD PTR SS:[EBP+8]\n MOV EBX,EAX\n TEST EBX,EBX\n MOV EDX,219\n MOV ECX,DWORD PTR SS:[EBP+4]\n PUSH EBX\n MOV ESI,DWORD PTR SS:[EBP-C]\n MOV EDI,DWORD PTR SS:[EBP+10]\n MOV EDX,229\n XOR EAX,EAX\n MOV EBX,DWORD PTR SS:[EBP-24]\n MOV ECX,DWORD PTR DS:[EBX+18]\n MOV ECX,DWORD PTR SS:[EBP+10]\n MOV EDI,EAX\n LEA EAX,DWORD PTR SS:[EBP-38]\n PUSH EAX\n PUSH DWORD PTR DS:[EBX+4]\n MOV EBX,EAX\n TEST EBX,EBX\n","PUSH EBX\n PUSH DWORD PTR SS:[EBP+8]\n MOV EBX,EBX\n TEST EBX,EBX\n MOV ECX,219\n MOV EDX,DWORD PTR SS:[EBP+4]\n PUSH EAX\n MOV EDI,DWORD PTR SS:[EBP-C]\n MOV ESI,DWORD PTR SS:[EBP+10]\n MOV ECX,229\n XOR EAX,EAX\n MOV EAX,DWORD PTR SS:[EBP-24]\n MOV EDX,DWORD PTR DS:[EBX+18]\n MOV EDX,DWORD PTR SS:[EBP+10]\n MOV ESI,EBX\n LEA EBX,DWORD PTR SS:[EBP-38]\n PUSH EBX\n PUSH DWORD PTR DS:[EBX+4]\n MOV EBX,EBX\n TEST EBX,EBX\n",Register Substitution
"CMP EAX,DWORD PTR SS:[EBP-63C]\n PUSH ESI\n MOV EDX,200\n LEA ECX,DWORD PTR SS:[EBP-610]\n XOR ECX,ECX\n CMP WORD PTR SS:[EBP-610],0\n MOV ESI,ECX\n LEA EAX,DWORD PTR SS:[EBP-210]\n PUSH EAX\n LEA EAX,DWORD PTR SS:[EBP-610]\n PUSH EAX\n TEST EAX,EAX\n LEA EAX,DWORD PTR SS:[EBP-610]\n XOR ESI,ESI\n PUSH EAX\n LEA EAX,DWORD PTR SS:[EBP-210]\n PUSH EAX\n PUSH ESI\n PUSH DWORD PTR DS:[EDI]\n LEA ECX,DWORD PTR SS:[EBP-610]\n","CMP EBX,DWORD PTR SS:[EBP-63C]\n PUSH EDI\n MOV ECX,200\n LEA EDX,DWORD PTR SS:[EBP-610]\n XOR ECX,ECX\n CMP WORD PTR SS:[EBP-610],0\n MOV EDI,EDX\n LEA EBX,DWORD PTR SS:[EBP-210]\n PUSH EBX\n LEA EBX,DWORD PTR SS:[EBP-610]\n PUSH EBX\n TEST EAX,EAX\n LEA EBX,DWORD PTR SS:[EBP-610]\n XOR ESI,ESI\n PUSH EBX\n LEA EBX,DWORD PTR SS:[EBP-210]\n PUSH EBX\n PUSH EDI\n PUSH DWORD PTR DS:[EDI]\n LEA EDX,DWORD PTR SS:[EBP-610]\n",Register Substitution
"LEA EAX,DWORD PTR SS:[EBP-C]\n PUSH EAX\n PUSH EDI\n MOV ECX,ESI\n MOV ESI,EAX\n TEST ESI,ESI\n AND DWORD PTR SS:[EBP-4],0\n LEA ECX,DWORD PTR SS:[EBP-4]\n MOV EAX,DWORD PTR DS:[EDI]\n MOV ESI,DWORD PTR DS:[EAX]\n LEA EAX,DWORD PTR SS:[EBP-4]\n PUSH EAX\n PUSH EDI\n MOV ECX,ESI\n MOV ESI,EAX\n MOV EDI,80004002\n CMP ESI,EDI\n PUSH 0\n MOV ESI,8000FFFF\n PUSH ESI\n","LEA EBX,DWORD PTR SS:[EBP-C]\n PUSH EBX\n PUSH ESI\n MOV EDX,EDI\n MOV EDI,EBX\n TEST ESI,ESI\n AND DWORD PTR SS:[EBP-4],0\n LEA EDX,DWORD PTR SS:[EBP-4]\n MOV EBX,DWORD PTR DS:[EDI]\n MOV EDI,DWORD PTR DS:[EAX]\n LEA EBX,DWORD PTR SS:[EBP-4]\n PUSH EBX\n PUSH ESI\n MOV EDX,EDI\n MOV EDI,EBX\n MOV ESI,80004002\n CMP ESI,ESI\n PUSH 0\n MOV EDI,8000FFFF\n PUSH EDI\n",Register Substitution
"MOV DWORD PTR SS:[EBP-4],EAX\n MOV EAX,DWORD PTR SS:[EBP-4]\n POP ESI\n MOV ESP,EBP\n POP EBP\n RETN 8\n PUSH EBP\n MOV EBP,ESP\n SUB ESP,4\n PUSH ESI\n MOV EAX,DWORD PTR DS:[ECX+4]\n CMP DWORD PTR DS:[ECX+8],EAX\n MOV ESI,ECX\n PUSH DWORD PTR SS:[EBP+8]\n PUSH EAX\n MOV EAX,DWORD PTR DS:[ESI+8]\n TEST EAX,EAX\n PUSH DWORD PTR SS:[EBP+8]\n PUSH EAX\n MOV DWORD PTR SS:[EBP-4],EAX\n","MOV DWORD PTR SS:[EBP-4],EAX\n MOV EBX,DWORD PTR SS:[EBP-4]\n POP ESI\n MOV ESP,ESP\n POP EBP\n RETN 8\n PUSH ESP\n MOV EBP,EBP\n SUB ESP,4\n PUSH EDI\n MOV EBX,DWORD PTR DS:[ECX+4]\n CMP DWORD PTR DS:[ECX+8],EAX\n MOV EDI,EDX\n PUSH DWORD PTR SS:[EBP+8]\n PUSH EBX\n MOV EBX,DWORD PTR DS:[ESI+8]\n TEST EAX,EAX\n PUSH DWORD PTR SS:[EBP+8]\n PUSH EBX\n MOV DWORD PTR SS:[EBP-4],EAX\n",Register Substitution
"PUSH ECX\n MOV ESI,DWORD PTR DS:[EAX+8]\n MOV ECX,ESI\n MOV DWORD PTR DS:[ECX+284],EAX\n XOR EDI,EDI\n MOV EAX,DWORD PTR SS:[EBP+10]\n MOV DWORD PTR DS:[EAX],ECX\n MOV EDI,8007000E\n MOV EAX,EDI\n POP EDI\n POP ESI\n LEAVE\n RETN 0C\n MOV EDI,EDI\n PUSH EBP\n MOV EBP,ESP\n AND ESP,FFFFFFF8\n SUB ESP,44\n MOV EAX,DWORD PTR DS:[7567B684]\n XOR EAX,ESP\n","PUSH EDX\n MOV EDI,DWORD PTR DS:[EAX+8]\n MOV EDX,EDI\n MOV DWORD PTR DS:[ECX+284],EAX\n XOR EDI,EDI\n MOV EBX,DWORD PTR SS:[EBP+10]\n MOV DWORD PTR DS:[EAX],ECX\n MOV ESI,8007000E\n MOV EBX,ESI\n POP EDI\n POP ESI\n LEAVE\n RETN 0C\n MOV ESI,ESI\n PUSH ESP\n MOV EBP,EBP\n AND ESP,FFFFFFF8\n SUB ESP,44\n MOV EBX,DWORD PTR DS:[7567B684]\n XOR EAX,ESP\n",Register Substitution
"MOV EBP,ESP\n XOR EAX,ESP\n XOR EAX,EAX\n MOV DWORD PTR SS:[ESP+1C],EDX\n PUSH EBX\n PUSH ESI\n PUSH EDI\n MOV ESI,EAX\n MOV BYTE PTR SS:[ESP+13],AL\n MOV EDI,EAX\n MOV EBX,EAX\n MOV DWORD PTR SS:[ESP+2C],EAX\n PUSH 2\n MOV DWORD PTR SS:[ESP+1C],ESI\n POP ESI\n CMP WORD PTR DS:[EAX],SI\n MOV DWORD PTR SS:[ESP+1C],EBX\n PUSH ESI\n PUSH ESI\n PUSH EAX\n","MOV EBP,EBP\n XOR EAX,ESP\n XOR EAX,EAX\n MOV DWORD PTR SS:[ESP+1C],EDX\n PUSH EAX\n PUSH EDI\n PUSH ESI\n MOV EDI,EBX\n MOV BYTE PTR SS:[ESP+13],AL\n MOV ESI,EBX\n MOV EBX,EBX\n MOV DWORD PTR SS:[ESP+2C],EAX\n PUSH 2\n MOV DWORD PTR SS:[ESP+1C],ESI\n POP ESI\n CMP WORD PTR DS:[EAX],SI\n MOV DWORD PTR SS:[ESP+1C],EBX\n PUSH EDI\n PUSH EDI\n PUSH EBX\n",Register Substitution
"XOR EAX,EAX\n MOV DWORD PTR DS:[EBX+40],ESI\n POP EDI\n POP ESI\n POP EBX\n POP EBP\n RETN 8\n MOV EDI,EDI\n PUSH EBP\n MOV EBP,ESP\n PUSH ECX\n PUSH EBX\n PUSH ESI\n PUSH EDI\n MOV EDI,DWORD PTR SS:[EBP+8]\n XOR ESI,ESI\n MOV EBX,ECX\n TEST EDI,EDI\n LEA EAX,DWORD PTR SS:[EBP-4]\n MOV DWORD PTR SS:[EBP-4],ESI\n","XOR EAX,EAX\n MOV DWORD PTR DS:[EBX+40],ESI\n POP EDI\n POP ESI\n POP EBX\n POP EBP\n RETN 8\n MOV ESI,ESI\n PUSH ESP\n MOV EBP,EBP\n PUSH EDX\n PUSH EAX\n PUSH EDI\n PUSH ESI\n MOV ESI,DWORD PTR SS:[EBP+8]\n XOR ESI,ESI\n MOV EAX,EDX\n TEST EDI,EDI\n LEA EBX,DWORD PTR SS:[EBP-4]\n MOV DWORD PTR SS:[EBP-4],ESI\n",Register Substitution
"PUSH EBX\n MOV EBX,ECX\n MOV DWORD PTR SS:[EBP-C],EDX\n PUSH ESI\n PUSH EDI\n MOV CL,7\n MOV EDX,DWORD PTR DS:[EBX+8]\n PUSH EDX\n PUSH 7\n XOR DL,DL\n MOV ECX,EAX\n PUSH DWORD PTR DS:[EBX+8]\n MOV EDX,EAX\n MOV DWORD PTR SS:[EBP-4],EAX\n MOV ECX,401\n MOV ECX,DWORD PTR SS:[EBP+8]\n MOV ESI,EAX\n PUSH DWORD PTR DS:[ESI+8]\n MOV DWORD PTR DS:[ESI+1C],EAX\n MOV EAX,DWORD PTR DS:[EBX+4]\n","PUSH EAX\n MOV EAX,EDX\n MOV DWORD PTR SS:[EBP-C],EDX\n PUSH EDI\n PUSH ESI\n MOV CL,7\n MOV ECX,DWORD PTR DS:[EBX+8]\n PUSH ECX\n PUSH 7\n XOR DL,DL\n MOV EDX,EBX\n PUSH DWORD PTR DS:[EBX+8]\n MOV ECX,EBX\n MOV DWORD PTR SS:[EBP-4],EAX\n MOV EDX,401\n MOV EDX,DWORD PTR SS:[EBP+8]\n MOV EDI,EBX\n PUSH DWORD PTR DS:[ESI+8]\n MOV DWORD PTR DS:[ESI+1C],EAX\n MOV EBX,DWORD PTR DS:[EBX+4]\n",Register Substitution
"PUSH EAX\n LEA ECX,DWORD PTR SS:[EBP-9C]\n MOV EDI,EAX\n TEST EDI,EDI\n MOV ESI,8007000E\n MOV ECX,DWORD PTR SS:[EBP-1C0]\n LEA EDX,DWORD PTR DS:[ECX+2]\n MOV AX,WORD PTR DS:[ECX]\n CMP AX,SI\n PUSH DWORD PTR SS:[EBP-1C0]\n SUB ECX,EDX\n SAR ECX,1\n \n LEA EAX,DWORD PTR DS:[ECX+A]\n PUSH EAX\n PUSH EDI\n LEA ECX,DWORD PTR DS:[EDI+1]\n MOV AL,BYTE PTR DS:[EDI]\n INC EDI\n TEST AL,AL\n","PUSH EBX\n LEA EDX,DWORD PTR SS:[EBP-9C]\n MOV ESI,EBX\n TEST EDI,EDI\n MOV EDI,8007000E\n MOV EDX,DWORD PTR SS:[EBP-1C0]\n LEA ECX,DWORD PTR DS:[ECX+2]\n MOV AX,WORD PTR DS:[ECX]\n CMP AX,SI\n PUSH DWORD PTR SS:[EBP-1C0]\n SUB ECX,EDX\n SAR ECX,1\n \n LEA EBX,DWORD PTR DS:[ECX+A]\n PUSH EBX\n PUSH ESI\n LEA EDX,DWORD PTR DS:[EDI+1]\n MOV AL,BYTE PTR DS:[EDI]\n INC EDI\n TEST AL,AL\n",Register Substitution
"MOV DWORD PTR SS:[ESP+18],ESI\n PUSH DWORD PTR DS:[EDI+64]\n LEA ECX,DWORD PTR SS:[ESP+18]\n PUSH DWORD PTR DS:[EDI+60]\n PUSH 8\n POP EDX\n MOV ESI,EAX\n TEST ESI,ESI\n MOV DWORD PTR DS:[EDI+8],1\n MOV ESI,8000FFFF\n TEST EBX,400\n PUSH DWORD PTR DS:[EDI+18]\n POP ECX\n POP ECX\n TEST EAX,EAX\n MOV DWORD PTR DS:[EDI+54],1\n XOR ESI,ESI\n INC ESI\n TEST EBX,800\n MOV ESI,C00D0BD6\n","MOV DWORD PTR SS:[ESP+18],ESI\n PUSH DWORD PTR DS:[EDI+64]\n LEA EDX,DWORD PTR SS:[ESP+18]\n PUSH DWORD PTR DS:[EDI+60]\n PUSH 8\n POP EDX\n MOV EDI,EBX\n TEST ESI,ESI\n MOV DWORD PTR DS:[EDI+8],1\n MOV EDI,8000FFFF\n TEST EBX,400\n PUSH DWORD PTR DS:[EDI+18]\n POP ECX\n POP ECX\n TEST EAX,EAX\n MOV DWORD PTR DS:[EDI+54],1\n XOR ESI,ESI\n INC ESI\n TEST EBX,800\n MOV EDI,C00D0BD6\n",Register Substitution
"XOR ECX,EAX\n MOV ECX,DWORD PTR DS:[EDX-4]\n XOR ECX,EAX\n MOV ECX,DWORD PTR SS:[EBP-10]\n MOV ECX,DWORD PTR SS:[EBP-10]\n MOV ECX,DWORD PTR SS:[EBP-10]\n MOV ECX,DWORD PTR SS:[EBP-10]\n MOV EDX,DWORD PTR SS:[ESP+8]\n LEA EAX,DWORD PTR DS:[EDX+C]\n MOV ECX,DWORD PTR DS:[EDX-14]\n XOR ECX,EAX\n PUSH DWORD PTR SS:[EBP-20]\n POP ECX\n RETN\n MOV EDX,DWORD PTR SS:[ESP+8]\n LEA EAX,DWORD PTR DS:[EDX+C]\n MOV ECX,DWORD PTR DS:[EDX-24]\n XOR ECX,EAX\n PUSH DWORD PTR SS:[EBP-20]\n POP ECX\n","XOR ECX,EAX\n MOV EDX,DWORD PTR DS:[EDX-4]\n XOR ECX,EAX\n MOV EDX,DWORD PTR SS:[EBP-10]\n MOV EDX,DWORD PTR SS:[EBP-10]\n MOV EDX,DWORD PTR SS:[EBP-10]\n MOV EDX,DWORD PTR SS:[EBP-10]\n MOV ECX,DWORD PTR SS:[ESP+8]\n LEA EBX,DWORD PTR DS:[EDX+C]\n MOV EDX,DWORD PTR DS:[EDX-14]\n XOR ECX,EAX\n PUSH DWORD PTR SS:[EBP-20]\n POP ECX\n RETN\n MOV ECX,DWORD PTR SS:[ESP+8]\n LEA EBX,DWORD PTR DS:[EDX+C]\n MOV EDX,DWORD PTR DS:[EDX-24]\n XOR ECX,EAX\n PUSH DWORD PTR SS:[EBP-20]\n POP ECX\n",Register Substitution
"MOV DWORD PTR DS:[ESI+68],ECX\n MOV ECX,DWORD PTR DS:[EDX+8]\n PUSH 0\n PUSH 1\n MOV ECX,DWORD PTR DS:[ECX+28]\n XOR EAX,EAX\n AND DWORD PTR SS:[EBP-4],0\n LEA ECX,DWORD PTR SS:[EBP-4]\n MOV EAX,800A03EC\n POP ESI\n LEAVE\n RETN 8\n MOV EDI,EDI\n PUSH EBP\n MOV EBP,ESP\n MOV EAX,DWORD PTR SS:[EBP+8]\n MOV ECX,DWORD PTR DS:[EAX+8]\n TEST ECX,ECX\n MOV EAX,8000FFFF\n MOV EAX,DWORD PTR SS:[EBP+C]\n","MOV DWORD PTR DS:[ESI+68],ECX\n MOV EDX,DWORD PTR DS:[EDX+8]\n PUSH 0\n PUSH 1\n MOV EDX,DWORD PTR DS:[EDX+28]\n XOR EAX,EAX\n AND DWORD PTR SS:[EBP-4],0\n LEA EDX,DWORD PTR SS:[EBP-4]\n MOV EBX,800A03EC\n POP ESI\n LEAVE\n RETN 8\n MOV ESI,ESI\n PUSH ESP\n MOV EBP,EBP\n MOV EBX,DWORD PTR SS:[EBP+8]\n MOV EDX,DWORD PTR DS:[EAX+8]\n TEST ECX,ECX\n MOV EBX,8000FFFF\n MOV EBX,DWORD PTR SS:[EBP+C]\n",Register Substitution
"MOV WORD PTR SS:[EBP-34],CX\n POP EDX\n POP ECX\n POP ECX\n POP ECX\n POP ECX\n POP ECX\n PUSH 74\n POP EDI\n POP EDI\n POP EDI\n POP ECX\n POP ECX\n POP ECX\n POP ECX\n POP ECX\n MOV WORD PTR SS:[EBP-E],CX\n POP ECX\n MOV WORD PTR SS:[EBP-C],CX\n XOR ECX,ECX\n","MOV WORD PTR SS:[EBP-34],CX\n POP EDX\n POP ECX\n POP ECX\n POP ECX\n POP ECX\n POP ECX\n PUSH 74\n POP EDI\n POP EDI\n POP EDI\n POP ECX\n POP ECX\n POP ECX\n POP ECX\n POP ECX\n MOV WORD PTR SS:[EBP-E],CX\n POP ECX\n MOV WORD PTR SS:[EBP-C],CX\n XOR ECX,ECX\n",Register Substitution
"MOV EDX,DWORD PTR SS:[ESP+8]\n LEA EAX,DWORD PTR DS:[EDX+C]\n MOV ECX,DWORD PTR DS:[EDX-640]\n XOR ECX,EAX\n MOV ECX,DWORD PTR DS:[EDX-4]\n XOR ECX,EAX\n LEA ECX,DWORD PTR SS:[EBP-60]\n MOV EDX,DWORD PTR SS:[ESP+8]\n LEA EAX,DWORD PTR DS:[EDX+C]\n MOV ECX,DWORD PTR DS:[EDX-64]\n XOR ECX,EAX\n LEA ECX,DWORD PTR SS:[EBP-5C]\n MOV EDX,DWORD PTR SS:[ESP+8]\n LEA EAX,DWORD PTR DS:[EDX+C]\n MOV ECX,DWORD PTR DS:[EDX-60]\n XOR ECX,EAX\n LEA ECX,DWORD PTR SS:[EBP-25C]\n LEA ECX,DWORD PTR SS:[EBP-270]\n LEA ECX,DWORD PTR SS:[EBP-244]\n MOV EDX,DWORD PTR SS:[ESP+8]\n","MOV ECX,DWORD PTR SS:[ESP+8]\n LEA EBX,DWORD PTR DS:[EDX+C]\n MOV EDX,DWORD PTR DS:[EDX-640]\n XOR ECX,EAX\n MOV EDX,DWORD PTR DS:[EDX-4]\n XOR ECX,EAX\n LEA EDX,DWORD PTR SS:[EBP-60]\n MOV ECX,DWORD PTR SS:[ESP+8]\n LEA EBX,DWORD PTR DS:[EDX+C]\n MOV EDX,DWORD PTR DS:[EDX-64]\n XOR ECX,EAX\n LEA EDX,DWORD PTR SS:[EBP-5C]\n MOV ECX,DWORD PTR SS:[ESP+8]\n LEA EBX,DWORD PTR DS:[EDX+C]\n MOV EDX,DWORD PTR DS:[EDX-60]\n XOR ECX,EAX\n LEA EDX,DWORD PTR SS:[EBP-25C]\n LEA EDX,DWORD PTR SS:[EBP-270]\n LEA EDX,DWORD PTR SS:[EBP-244]\n MOV ECX,DWORD PTR SS:[ESP+8]\n",Register Substitution
"PUSH ESI\n PUSH DWORD PTR DS:[EBX]\n TEST ESI,ESI\n MOV EAX,DWORD PTR SS:[ESP+C]\n MOV ESI,EAX\n XOR ESI,ESI\n PUSH EAX\n LEA EAX,DWORD PTR SS:[EBP-2C]\n PUSH EAX\n LEA ECX,DWORD PTR DS:[ECX+3C]\n RETN\n MOV EAX,DWORD PTR SS:[EBP-1C]\n MOV EAX,DWORD PTR DS:[EAX+C]\n RETN\n RETN\n RETN\n RETN\n MOV EAX,ESI\n MOV EDI,EDI\n PUSH EBP\n","PUSH EDI\n PUSH DWORD PTR DS:[EBX]\n TEST ESI,ESI\n MOV EBX,DWORD PTR SS:[ESP+C]\n MOV EDI,EBX\n XOR ESI,ESI\n PUSH EBX\n LEA EBX,DWORD PTR SS:[EBP-2C]\n PUSH EBX\n LEA EDX,DWORD PTR DS:[EDX+3C]\n RETN\n MOV EBX,DWORD PTR SS:[EBP-1C]\n MOV EBX,DWORD PTR DS:[EBX+C]\n RETN\n RETN\n RETN\n RETN\n MOV EBX,EDI\n MOV ESI,ESI\n PUSH ESP\n",Register Substitution
"PUSH EDI\n PUSH 5\n POP ECX\n TEST ESI,ESI\n MOV EDX,ESI\n LEA EDI,DWORD PTR DS:[EDX+]\n MOV AL,BYTE PTR DS:[EDX]\n INC EDX\n TEST AL,AL\n SUB EDX,EDI\n LEA EDI,DWORD PTR DS:[EDX+]\n MOV EDI,ECX\n MOV ESI,EBX\n MOV EDX,DWORD PTR SS:[EBP+4]\n TEST EDX,EDX\n MOV ECX,EDX\n LEA EBX,DWORD PTR DS:[ECX+]\n MOV AL,BYTE PTR DS:[ECX]\n INC ECX\n TEST AL,AL\n","PUSH ESI\n PUSH 5\n POP ECX\n TEST ESI,ESI\n MOV ECX,EDI\n LEA ESI,DWORD PTR DS:[EDX+]\n MOV AL,BYTE PTR DS:[EDX]\n INC EDX\n TEST AL,AL\n SUB EDX,EDI\n LEA ESI,DWORD PTR DS:[EDX+]\n MOV ESI,EDX\n MOV EDI,EAX\n MOV ECX,DWORD PTR SS:[EBP+4]\n TEST EDX,EDX\n MOV ECX,ECX\n LEA EAX,DWORD PTR DS:[ECX+]\n MOV AL,BYTE PTR DS:[ECX]\n INC ECX\n TEST AL,AL\n",Register Substitution
